Receiver_ID,Name,Type,City,Contact,Claim_ID,Food_ID,Status,Timestamp_formatted
1,Donald Gomez,Shelter,Port Carlburgh,(955)922-5295,254,940,Completed,03:59:00 04-03-2025
1,Donald Gomez,Shelter,Port Carlburgh,(955)922-5295,528,819,Completed,13:45:00 20-03-2025
2,Laurie Ramos,Individual,Lewisburgh,761.042.1570,372,804,Cancelled,09:19:00 03-03-2025
3,Ashley Mckee,NGO,South Randalltown,691-023-0094x856,136,493,Pending,22:58:00 16-03-2025
4,Erika Rose,NGO,South Shaneville,8296491111,239,589,Pending,21:11:00 01-03-2025
4,Erika Rose,NGO,South Shaneville,8296491111,590,505,Cancelled,08:39:00 17-03-2025
6,Mandy Sutton PhD,Shelter,East Sharimouth,682-777-5357,308,227,Completed,18:23:00 17-03-2025
6,Mandy Sutton PhD,Shelter,East Sharimouth,682-777-5357,433,245,Completed,12:40:00 14-03-2025
7,Kenneth Baker,NGO,South Edwinborough,126-645-6386x4071,757,352,Completed,19:20:00 13-03-2025
9,Emily Turner,Shelter,West Robert,001-631-022-6157x520,362,538,Cancelled,09:04:00 02-03-2025
9,Emily Turner,Shelter,West Robert,001-631-022-6157x520,632,393,Completed,13:40:00 20-03-2025
10,Mary Salazar,NGO,Wrightland,001-187-333-7518x11395,25,371,Completed,07:10:00 10-03-2025
10,Mary Salazar,NGO,Wrightland,001-187-333-7518x11395,658,232,Pending,21:49:00 01-03-2025
12,Jennifer Bishop,NGO,Katherineside,+1-801-363-6355x49805,135,256,Cancelled,19:49:00 06-03-2025
14,Brian Fischer,Shelter,Burkeside,947-041-3246x326,532,486,Cancelled,02:33:00 08-03-2025
14,Brian Fischer,Shelter,Burkeside,947-041-3246x326,594,555,Pending,20:01:00 16-03-2025
15,Donald Kelly,NGO,Port Ronald,(935)798-5303,701,833,Completed,16:16:00 14-03-2025
16,Elizabeth Lewis,NGO,Port Tara,500.386.3867x7565,863,30,Pending,22:36:00 09-03-2025
26,Kimberly Lindsey,Charity,Port Matthewmouth,+1-979-511-1434x565,744,379,Pending,07:15:00 14-03-2025
27,Johnny Page,NGO,Susanfurt,251.922.2940,90,378,Completed,16:53:00 04-03-2025
27,Johnny Page,NGO,Susanfurt,251.922.2940,220,374,Cancelled,23:05:00 02-03-2025
27,Johnny Page,NGO,Susanfurt,251.922.2940,710,599,Pending,09:32:00 16-03-2025
28,Mary Franklin,Individual,Courtneyfurt,001-046-188-9986x12178,631,862,Pending,00:37:00 19-03-2025
28,Mary Franklin,Individual,Courtneyfurt,001-046-188-9986x12178,655,215,Completed,12:30:00 11-03-2025
28,Mary Franklin,Individual,Courtneyfurt,001-046-188-9986x12178,899,13,Pending,06:18:00 16-03-2025
31,Rose Powell,NGO,Spencermouth,247-152-7297x648,44,825,Pending,13:02:00 09-03-2025
31,Rose Powell,NGO,Spencermouth,247-152-7297x648,557,324,Cancelled,07:22:00 06-03-2025
31,Rose Powell,NGO,Spencermouth,247-152-7297x648,959,384,Pending,12:40:00 14-03-2025
32,Audrey Perez,Individual,Taylorfort,637-025-7736,332,460,Completed,02:40:00 03-03-2025
33,Anita Kerr,NGO,Walshfort,(568)992-9509,558,435,Completed,07:04:00 07-03-2025
34,Megan Alvarez,Individual,North Robert,6244329386,307,610,Pending,21:15:00 13-03-2025
35,James Castaneda,Shelter,South Rachaelhaven,932-277-2945x55052,80,153,Pending,01:58:00 21-03-2025
35,James Castaneda,Shelter,South Rachaelhaven,932-277-2945x55052,164,918,Pending,03:24:00 04-03-2025
37,Angel Adams,Shelter,West Erik,+1-785-849-9596x994,968,637,Cancelled,00:50:00 19-03-2025
38,Alexander Mullins,Charity,Josephview,(248)481-7680,370,330,Cancelled,17:07:00 14-03-2025
42,Maria Jacobs,NGO,Port Dawntown,(225)019-8954,287,952,Cancelled,02:15:00 18-03-2025
42,Maria Jacobs,NGO,Port Dawntown,(225)019-8954,845,70,Pending,11:24:00 09-03-2025
42,Maria Jacobs,NGO,Port Dawntown,(225)019-8954,918,92,Completed,09:59:00 11-03-2025
43,Bobby Perry,Charity,Amberfort,(020)628-9733x57055,649,210,Completed,17:26:00 07-03-2025
44,Andrew Lawson,Shelter,Davisborough,622.566.7870,72,851,Completed,10:49:00 04-03-2025
45,Derek Potter,Charity,South Laurachester,497-372-7517x026,69,321,Completed,06:15:00 10-03-2025
45,Derek Potter,Charity,South Laurachester,497-372-7517x026,189,152,Completed,09:32:00 13-03-2025
45,Derek Potter,Charity,South Laurachester,497-372-7517x026,515,930,Completed,02:18:00 19-03-2025
47,Taylor Dean,Shelter,Moorechester,297-100-5658,256,822,Completed,08:03:00 19-03-2025
48,Jennifer Graham,Individual,East Saraport,001-979-746-0394x487,47,746,Pending,10:45:00 07-03-2025
48,Jennifer Graham,Individual,East Saraport,001-979-746-0394x487,730,715,Cancelled,13:52:00 03-03-2025
50,Brian Gonzales,NGO,North Sarah,001-241-438-2803x907,184,80,Cancelled,04:01:00 02-03-2025
50,Brian Gonzales,NGO,North Sarah,001-241-438-2803x907,740,199,Completed,06:16:00 20-03-2025
52,Cheryl Dillon,NGO,Hornemouth,350.146.1578,104,882,Completed,00:36:00 05-03-2025
52,Cheryl Dillon,NGO,Hornemouth,350.146.1578,763,331,Cancelled,07:51:00 13-03-2025
53,Cassandra Owens,Shelter,Tomburgh,001-813-193-7735x105,675,897,Cancelled,06:58:00 19-03-2025
56,Deborah Smith,Individual,Jasonshire,996.039.4276x36961,779,508,Cancelled,18:28:00 13-03-2025
57,Christopher Lozano,Individual,New Mary,217-827-0862,811,399,Cancelled,06:39:00 10-03-2025
58,Julia Madden,Shelter,Michaelton,(321)207-8844,153,582,Cancelled,16:14:00 07-03-2025
59,Alicia Thomas,Charity,Lake Mary,(604)320-0347x3019,264,496,Cancelled,13:21:00 03-03-2025
59,Alicia Thomas,Charity,Lake Mary,(604)320-0347x3019,723,228,Pending,04:00:00 12-03-2025
59,Alicia Thomas,Charity,Lake Mary,(604)320-0347x3019,827,964,Cancelled,13:26:00 19-03-2025
62,Nichole Lewis,NGO,North Catherinefurt,777-445-5269x5255,74,487,Cancelled,13:20:00 02-03-2025
62,Nichole Lewis,NGO,North Catherinefurt,777-445-5269x5255,343,553,Pending,15:08:00 18-03-2025
63,David Turner,Charity,East William,4456052297,167,873,Completed,01:38:00 20-03-2025
63,David Turner,Charity,East William,4456052297,404,475,Cancelled,23:03:00 12-03-2025
65,Cody Gardner,NGO,Port Belinda,(565)395-0421x232,92,136,Pending,11:12:00 07-03-2025
65,Cody Gardner,NGO,Port Belinda,(565)395-0421x232,915,441,Pending,17:46:00 01-03-2025
66,Jade Jackson,Individual,West Jaclyn,098-158-2253x172,303,358,Cancelled,12:42:00 03-03-2025
68,Wesley Thompson,Charity,Edwardburgh,+1-901-255-2891x97537,566,320,Cancelled,01:43:00 13-03-2025
68,Wesley Thompson,Charity,Edwardburgh,+1-901-255-2891x97537,617,933,Cancelled,14:23:00 05-03-2025
68,Wesley Thompson,Charity,Edwardburgh,+1-901-255-2891x97537,716,696,Cancelled,02:38:00 03-03-2025
69,Scott Brown,NGO,East Dylan,302-197-9398x95559,625,416,Cancelled,02:15:00 16-03-2025
72,Charles Davidson,Shelter,West Angelatown,+1-294-698-2957,801,131,Completed,15:42:00 04-03-2025
72,Charles Davidson,Shelter,West Angelatown,+1-294-698-2957,839,945,Cancelled,08:13:00 20-03-2025
72,Charles Davidson,Shelter,West Angelatown,+1-294-698-2957,926,43,Cancelled,12:37:00 06-03-2025
74,Patricia Smith,NGO,Laurafurt,(220)453-5600,459,329,Cancelled,07:50:00 13-03-2025
75,Nicholas Smith,Charity,Manningtown,+1-605-970-1115,119,56,Cancelled,15:38:00 18-03-2025
77,Juan Spencer,Individual,North David,+1-144-242-7963x89583,499,921,Cancelled,02:43:00 04-03-2025
86,Jessica Grant,Charity,Smithshire,601.132.1809x716,289,573,Pending,02:03:00 17-03-2025
86,Jessica Grant,Charity,Smithshire,601.132.1809x716,599,307,Pending,18:33:00 19-03-2025
87,Tammy Walker MD,Charity,West Ronaldland,(982)044-7177,346,548,Pending,06:06:00 15-03-2025
87,Tammy Walker MD,Charity,West Ronaldland,(982)044-7177,972,623,Pending,04:36:00 06-03-2025
88,Eric Ryan DDS,NGO,Lake Daniel,001-677-794-6847x02126,20,792,Completed,12:15:00 07-03-2025
90,Alvin West,Shelter,Kellybury,(417)314-8724,64,771,Completed,13:38:00 17-03-2025
90,Alvin West,Shelter,Kellybury,(417)314-8724,589,619,Cancelled,23:44:00 13-03-2025
90,Alvin West,Shelter,Kellybury,(417)314-8724,614,707,Pending,13:47:00 14-03-2025
90,Alvin West,Shelter,Kellybury,(417)314-8724,999,917,Completed,15:31:00 01-03-2025
93,Allison Bray,Individual,Alexatown,001-122-277-3588,35,190,Cancelled,21:40:00 09-03-2025
93,Allison Bray,Individual,Alexatown,001-122-277-3588,963,397,Cancelled,06:39:00 07-03-2025
93,Allison Bray,Individual,Alexatown,001-122-277-3588,994,107,Cancelled,22:13:00 03-03-2025
94,Timothy Patel DVM,Charity,New Jessica,+1-046-832-9667x841,201,671,Completed,19:09:00 17-03-2025
96,Michael Walls,Individual,Carterside,650-930-7741,177,425,Cancelled,20:52:00 04-03-2025
96,Michael Walls,Individual,Carterside,650-930-7741,381,926,Cancelled,09:09:00 09-03-2025
96,Michael Walls,Individual,Carterside,650-930-7741,958,601,Cancelled,16:11:00 12-03-2025
97,Nathan May,Charity,South Veronicaburgh,(808)784-9354,15,684,Completed,08:00:00 07-03-2025
97,Nathan May,Charity,South Veronicaburgh,(808)784-9354,474,345,Cancelled,06:57:00 02-03-2025
98,Brian Cowan,Individual,Henryhaven,(234)142-1265x21005,243,69,Cancelled,02:42:00 13-03-2025
99,Nancy Silva,Individual,Russellville,929.221.3591x105,489,969,Completed,06:44:00 10-03-2025
100,Melissa Little,NGO,Robertaborough,(250)263-7746x235,128,589,Cancelled,19:29:00 10-03-2025
101,Nicole Reid,Shelter,Hollytown,808.564.6895,120,233,Pending,23:33:00 10-03-2025
102,Daniel Burton,Individual,North Matthewhaven,972.284.4190x487,283,97,Pending,08:11:00 07-03-2025
102,Daniel Burton,Individual,North Matthewhaven,972.284.4190x487,500,532,Completed,05:29:00 17-03-2025
102,Daniel Burton,Individual,North Matthewhaven,972.284.4190x487,843,512,Cancelled,01:37:00 10-03-2025
103,Karen Cruz,Individual,West Justin,(500)583-5978,241,558,Completed,02:23:00 12-03-2025
103,Karen Cruz,Individual,West Justin,(500)583-5978,265,92,Cancelled,07:39:00 15-03-2025
104,Victor Reyes,Charity,North Joshuafort,+1-411-230-8872x5335,323,670,Completed,13:58:00 15-03-2025
105,Trevor Wilson,NGO,North Pamela,001-651-719-1403x4050,369,84,Completed,02:34:00 10-03-2025
105,Trevor Wilson,NGO,North Pamela,001-651-719-1403x4050,995,190,Completed,00:46:00 10-03-2025
107,Jessica Morris,NGO,Port Elizabethton,(137)776-1761,150,991,Cancelled,13:37:00 03-03-2025
107,Jessica Morris,NGO,Port Elizabethton,(137)776-1761,769,971,Cancelled,01:25:00 04-03-2025
109,Rachel Nguyen,NGO,Theresamouth,(040)545-2043,277,766,Completed,12:24:00 09-03-2025
112,Brady Lopez,Individual,Michaeltown,831.275.5906x807,237,507,Cancelled,00:27:00 12-03-2025
112,Brady Lopez,Individual,Michaeltown,831.275.5906x807,772,926,Completed,15:24:00 04-03-2025
113,Jonathan Young,Shelter,Georgeborough,164-864-1786x77029,635,748,Pending,01:36:00 07-03-2025
113,Jonathan Young,Shelter,Georgeborough,164-864-1786x77029,651,156,Cancelled,22:38:00 14-03-2025
113,Jonathan Young,Shelter,Georgeborough,164-864-1786x77029,985,380,Completed,22:32:00 17-03-2025
116,Mark Lee,Individual,Port Teresa,001-983-757-6830x086,98,741,Cancelled,13:30:00 13-03-2025
118,Matthew Tran,Charity,South Franciscoport,583.144.1560x457,11,290,Pending,23:01:00 04-03-2025
118,Matthew Tran,Charity,South Franciscoport,583.144.1560x457,294,662,Pending,06:45:00 18-03-2025
118,Matthew Tran,Charity,South Franciscoport,583.144.1560x457,670,349,Cancelled,18:32:00 10-03-2025
119,Jasmine Robertson,Individual,Deanview,001-388-078-6769x4237,539,64,Cancelled,09:41:00 08-03-2025
122,Drew Cline,NGO,Port Patriciachester,517-828-7715,822,126,Pending,06:00:00 04-03-2025
124,Marie Andrade,Charity,Meghanfort,314-096-2823,443,879,Completed,12:55:00 05-03-2025
125,Tammy Smith,Individual,Campbellchester,001-668-537-1925x410,488,194,Pending,06:30:00 18-03-2025
126,Heather Brown,NGO,North Lori,(836)116-1365x8718,554,52,Completed,07:19:00 04-03-2025
126,Heather Brown,NGO,North Lori,(836)116-1365x8718,732,935,Pending,09:52:00 07-03-2025
127,Hayden Hill,NGO,North Roger,1431125754,518,282,Pending,20:37:00 07-03-2025
128,Sarah Carter,Charity,New Benjamin,001-513-018-5852,142,782,Cancelled,10:00:00 16-03-2025
128,Sarah Carter,Charity,New Benjamin,001-513-018-5852,832,133,Completed,08:29:00 20-03-2025
128,Sarah Carter,Charity,New Benjamin,001-513-018-5852,911,355,Pending,08:57:00 08-03-2025
129,Denise Martinez,Charity,Drakeburgh,(463)887-8557x617,93,600,Pending,11:30:00 16-03-2025
130,Matthew Hughes,Charity,Marieview,468-431-4471,666,749,Pending,09:02:00 15-03-2025
131,Shawn Mills,Charity,Jeffhaven,+1-951-192-1790,363,687,Pending,19:31:00 13-03-2025
131,Shawn Mills,Charity,Jeffhaven,+1-951-192-1790,689,246,Cancelled,03:31:00 13-03-2025
132,Katherine Gomez,Charity,South Jasonberg,(609)802-2108x3673,697,30,Completed,17:46:00 04-03-2025
132,Katherine Gomez,Charity,South Jasonberg,(609)802-2108x3673,975,226,Cancelled,05:18:00 01-03-2025
134,Emily Christian,Individual,Marcusberg,(724)629-2189x533,171,290,Pending,17:02:00 02-03-2025
134,Emily Christian,Individual,Marcusberg,(724)629-2189x533,618,395,Pending,03:19:00 02-03-2025
138,Christina Potter,NGO,Phillipsbury,+1-366-144-4542x657,247,861,Completed,07:34:00 12-03-2025
139,Charles Martin,NGO,New Christopher,(586)009-0817x964,678,56,Pending,00:33:00 10-03-2025
140,Kristin Scott,Shelter,North Christina,598.905.9117,172,226,Cancelled,02:08:00 21-03-2025
144,Jennifer Nelson,Individual,North Paul,(613)802-7241x644,415,485,Pending,13:35:00 11-03-2025
144,Jennifer Nelson,Individual,North Paul,(613)802-7241x644,583,925,Pending,01:06:00 03-03-2025
144,Jennifer Nelson,Individual,North Paul,(613)802-7241x644,636,554,Cancelled,17:20:00 18-03-2025
144,Jennifer Nelson,Individual,North Paul,(613)802-7241x644,791,240,Cancelled,03:33:00 10-03-2025
145,David Hull,Shelter,Tanyachester,139.804.6633,858,465,Completed,07:07:00 05-03-2025
149,Nathan Willis,NGO,Danielfort,830.318.9696x322,58,258,Completed,15:12:00 13-03-2025
149,Nathan Willis,NGO,Danielfort,830.318.9696x322,717,991,Pending,17:53:00 12-03-2025
150,Kelly Howe,Charity,Davidmouth,096.059.3098x621,702,83,Cancelled,23:02:00 11-03-2025
151,Lisa Eaton,Shelter,New Aimeemouth,342.869.6733,78,504,Completed,13:41:00 15-03-2025
152,Jasmine Miranda,Individual,Caseyland,913.509.4800x3395,365,207,Pending,03:03:00 07-03-2025
154,Thomas Johnson,Shelter,Lake Victoriaport,6267945876,242,380,Cancelled,13:16:00 06-03-2025
154,Thomas Johnson,Shelter,Lake Victoriaport,6267945876,924,580,Pending,16:32:00 13-03-2025
156,Corey Mitchell,Charity,Jacobsmouth,001-392-115-8557x9367,478,844,Cancelled,20:18:00 02-03-2025
158,Gregory Murphy,Individual,South Ashley,(090)319-2480,296,940,Cancelled,18:01:00 07-03-2025
158,Gregory Murphy,Individual,South Ashley,(090)319-2480,654,291,Pending,00:56:00 21-03-2025
159,Angela Cortez,NGO,Lisaton,+1-685-216-4851x71780,409,995,Cancelled,21:36:00 08-03-2025
160,Tracy Hartman,Charity,South Jill,+1-947-203-9101,344,992,Cancelled,21:51:00 10-03-2025
161,Mary Nguyen,Charity,Mcclurestad,+1-453-182-2743x789,75,909,Cancelled,11:44:00 06-03-2025
162,Douglas Baxter,Individual,Amandaville,+1-139-598-2308x18363,536,115,Cancelled,14:24:00 12-03-2025
162,Douglas Baxter,Individual,Amandaville,+1-139-598-2308x18363,616,967,Pending,16:05:00 12-03-2025
164,Aaron Scott,Charity,Heatherfurt,(075)863-3168x28937,851,71,Completed,16:08:00 08-03-2025
168,Kayla Johnson,Shelter,East Timhaven,786.534.5065,140,548,Completed,01:19:00 18-03-2025
168,Kayla Johnson,Shelter,East Timhaven,786.534.5065,502,84,Completed,01:43:00 05-03-2025
168,Kayla Johnson,Shelter,East Timhaven,786.534.5065,967,890,Pending,16:42:00 12-03-2025
170,Adam Browning,Charity,Port Erica,196.596.9067,936,96,Cancelled,01:17:00 08-03-2025
171,Suzanne Velasquez,NGO,Joanchester,(305)672-4633x961,739,230,Completed,17:31:00 02-03-2025
172,Nicole Brown,Charity,Thomaston,216-121-6760,273,870,Pending,00:34:00 19-03-2025
172,Nicole Brown,Charity,Thomaston,216-121-6760,734,224,Cancelled,16:07:00 18-03-2025
173,Jason Moore,NGO,West Courtneyport,913.468.5154x18139,260,137,Pending,15:11:00 05-03-2025
173,Jason Moore,NGO,West Courtneyport,913.468.5154x18139,421,572,Pending,14:48:00 08-03-2025
173,Jason Moore,NGO,West Courtneyport,913.468.5154x18139,873,558,Pending,05:22:00 17-03-2025
174,Matthew Johnson,Individual,Smithstad,285.859.0597,705,298,Cancelled,07:36:00 09-03-2025
176,Brendan Farley,NGO,Nicoleport,376.330.3007,218,523,Pending,20:46:00 06-03-2025
180,Michelle Cook,Shelter,Peterhaven,(412)902-4858,524,448,Completed,04:57:00 15-03-2025
181,Paul Evans,NGO,Smithshire,3222400397,771,297,Cancelled,01:15:00 13-03-2025
181,Paul Evans,NGO,Smithshire,3222400397,782,476,Completed,19:49:00 04-03-2025
181,Paul Evans,NGO,Smithshire,3222400397,961,955,Completed,05:05:00 16-03-2025
183,Nicole Walker,Individual,Thomasland,001-617-475-6913x02561,328,577,Completed,15:44:00 06-03-2025
183,Nicole Walker,Individual,Thomasland,001-617-475-6913x02561,597,599,Pending,05:49:00 13-03-2025
183,Nicole Walker,Individual,Thomasland,001-617-475-6913x02561,952,459,Completed,07:49:00 18-03-2025
184,Matthew Sanchez,Individual,Port Melissa,001-715-920-1622x23981,131,640,Cancelled,05:12:00 07-03-2025
185,Shannon Pineda,Individual,Lake Amanda,129-249-0893x786,76,877,Completed,22:38:00 13-03-2025
185,Shannon Pineda,Individual,Lake Amanda,129-249-0893x786,336,164,Cancelled,11:49:00 17-03-2025
185,Shannon Pineda,Individual,Lake Amanda,129-249-0893x786,698,633,Cancelled,00:51:00 03-03-2025
187,Amy Thomas,Shelter,Lake Erica,+1-215-295-0597x4795,311,294,Cancelled,21:22:00 06-03-2025
189,Stephen Smith,Individual,Maxberg,(690)326-1349x605,28,586,Pending,04:15:00 19-03-2025
189,Stephen Smith,Individual,Maxberg,(690)326-1349x605,912,683,Completed,15:37:00 20-03-2025
190,Maria Jackson,Charity,North Shelby,016.041.6963x060,377,901,Pending,05:43:00 08-03-2025
191,Brent Anderson,Shelter,New Seanburgh,2254787600,988,272,Pending,07:18:00 04-03-2025
192,Rhonda King,Individual,Toddborough,367-958-5492,606,912,Cancelled,01:34:00 15-03-2025
192,Rhonda King,Individual,Toddborough,367-958-5492,612,92,Completed,21:16:00 13-03-2025
192,Rhonda King,Individual,Toddborough,367-958-5492,719,695,Cancelled,00:06:00 12-03-2025
193,Jesse Brown,Charity,Figueroaport,001-481-425-0706x82893,977,853,Pending,20:11:00 05-03-2025
194,Alan Campbell,NGO,Shawmouth,(942)807-0793x71978,780,16,Pending,13:58:00 08-03-2025
195,John Martin,Charity,New Jason,581-174-6644x358,470,215,Cancelled,13:44:00 20-03-2025
195,John Martin,Charity,New Jason,581-174-6644x358,841,682,Completed,00:22:00 03-03-2025
195,John Martin,Charity,New Jason,581-174-6644x358,901,474,Pending,09:04:00 12-03-2025
196,Tara Bauer,Charity,Port Dustin,(709)935-2878,110,469,Pending,00:09:00 01-03-2025
199,Ashley Rivers,Individual,East Sharon,+1-988-051-2193x6577,312,904,Completed,12:44:00 08-03-2025
201,Calvin Lucas,Individual,Corybury,4177309502,250,475,Cancelled,21:41:00 19-03-2025
202,Veronica Coleman,NGO,North Mario,(096)512-5528x76619,789,684,Cancelled,21:34:00 01-03-2025
203,Vincent Matthews,Shelter,Allenmouth,335998576,564,947,Cancelled,13:30:00 06-03-2025
204,Rachel Thomas,Individual,North Lindachester,(417)873-5848x16786,660,912,Cancelled,10:54:00 08-03-2025
205,Kimberly Wilkins,Charity,West Casey,3783162949,668,86,Cancelled,09:10:00 10-03-2025
205,Kimberly Wilkins,Charity,West Casey,3783162949,773,35,Pending,10:01:00 12-03-2025
211,Judy Griffith,Charity,Baileyville,+1-255-391-6382x12809,996,855,Completed,19:40:00 13-03-2025
212,Ronald Gonzalez,Shelter,Stevenmouth,+1-946-378-3210x0415,760,828,Completed,16:00:00 13-03-2025
213,Kelly Barber,NGO,Emilymouth,259-420-4088x04690,285,387,Completed,14:32:00 18-03-2025
213,Kelly Barber,NGO,Emilymouth,259-420-4088x04690,681,334,Cancelled,09:29:00 11-03-2025
213,Kelly Barber,NGO,Emilymouth,259-420-4088x04690,768,939,Pending,16:20:00 18-03-2025
214,Corey Rodriguez,NGO,New Roseville,+1-866-544-7425x907,492,672,Pending,09:41:00 10-03-2025
215,Mr. Matthew Johnson DDS,Charity,Port Stephen,1733110659,560,731,Cancelled,06:42:00 11-03-2025
216,Morgan Massey,Charity,West Amybury,929-286-6902,451,683,Completed,08:06:00 13-03-2025
216,Morgan Massey,Charity,West Amybury,929-286-6902,637,476,Pending,13:06:00 20-03-2025
218,Corey Lamb,Charity,New Daniel,882-893-9920,725,784,Pending,12:45:00 20-03-2025
218,Corey Lamb,Charity,New Daniel,882-893-9920,731,403,Completed,22:44:00 17-03-2025
219,Alex Rogers,Charity,Lake Austinmouth,+1-017-613-1019,759,174,Cancelled,11:19:00 18-03-2025
220,Cassandra Mendoza,NGO,Dantown,2612673922,412,981,Cancelled,11:44:00 03-03-2025
220,Cassandra Mendoza,NGO,Dantown,2612673922,645,739,Pending,03:23:00 20-03-2025
220,Cassandra Mendoza,NGO,Dantown,2612673922,657,945,Completed,12:26:00 08-03-2025
221,Rebecca Goodman,Shelter,Robinsonland,(392)221-8538x523,226,981,Completed,14:59:00 10-03-2025
222,Stephanie Jones,Shelter,West Aaronport,001-029-940-1111,73,708,Pending,23:42:00 05-03-2025
223,David Henderson,Charity,Hallside,(976)946-9613,483,674,Completed,15:25:00 13-03-2025
223,David Henderson,Charity,Hallside,(976)946-9613,652,932,Pending,12:54:00 05-03-2025
225,Joseph Bowman,NGO,West Jessica,001-363-434-2847x24463,538,220,Cancelled,04:18:00 05-03-2025
226,Daniel Kerr,Charity,Fergusonton,(548)955-9384x8406,874,822,Pending,05:50:00 10-03-2025
227,Samuel Hodge,NGO,Port Maria,302-463-7516,609,200,Completed,03:34:00 10-03-2025
227,Samuel Hodge,NGO,Port Maria,302-463-7516,800,224,Cancelled,23:55:00 11-03-2025
228,Joanna Wilkins,Charity,Singletonview,(796)888-1488,30,193,Pending,04:05:00 07-03-2025
228,Joanna Wilkins,Charity,Singletonview,(796)888-1488,837,25,Cancelled,14:13:00 12-03-2025
228,Joanna Wilkins,Charity,Singletonview,(796)888-1488,870,972,Completed,18:54:00 17-03-2025
229,Tina Watkins,Shelter,Bushview,7774795306,5,345,Pending,15:17:00 14-03-2025
233,Alicia Porter,Charity,Port Ericmouth,001-652-614-2884x66578,14,426,Cancelled,16:08:00 08-03-2025
233,Alicia Porter,Charity,Port Ericmouth,001-652-614-2884x66578,26,959,Cancelled,04:34:00 21-03-2025
233,Alicia Porter,Charity,Port Ericmouth,001-652-614-2884x66578,699,138,Cancelled,15:15:00 04-03-2025
235,Megan Freeman,NGO,Rogerburgh,+1-510-274-6183x0559,685,622,Cancelled,08:58:00 01-03-2025
237,Cathy Adams,Shelter,West Josephshire,269-061-4726,425,797,Pending,15:13:00 01-03-2025
239,Lindsay Garcia,NGO,North Kimberlyport,722151225,729,308,Pending,12:55:00 16-03-2025
239,Lindsay Garcia,NGO,North Kimberlyport,722151225,914,950,Completed,13:03:00 18-03-2025
240,Ronald Miller,Shelter,Edwardsside,180633263,803,701,Pending,14:33:00 09-03-2025
240,Ronald Miller,Shelter,Edwardsside,180633263,949,241,Completed,08:53:00 03-03-2025
241,Elizabeth Dunn,Charity,Wilsonfurt,(069)221-0114,399,947,Pending,19:27:00 06-03-2025
242,Matthew Pearson,NGO,Garciaview,6212235497,252,544,Completed,03:22:00 20-03-2025
245,Rebecca Sanchez,Shelter,New Craig,586-413-7361,349,262,Pending,19:39:00 05-03-2025
245,Rebecca Sanchez,Shelter,New Craig,586-413-7361,840,811,Pending,11:00:00 17-03-2025
246,Kristi Wagner,Shelter,Lake Darrellburgh,264-255-1562,192,335,Completed,10:05:00 02-03-2025
249,Zachary Lewis,Charity,Lake Kelli,318694632,379,271,Cancelled,23:15:00 14-03-2025
250,Jamie Ferguson,Charity,Jenniferberg,001-052-150-4048x243,244,163,Cancelled,02:32:00 11-03-2025
254,Felicia Wilkinson,Shelter,Williamsfort,4034230469,165,616,Pending,04:53:00 11-03-2025
255,Walter Myers,Individual,New Tina,+1-285-278-8381x0454,51,543,Pending,10:59:00 04-03-2025
255,Walter Myers,Individual,New Tina,+1-285-278-8381x0454,219,488,Pending,08:55:00 03-03-2025
255,Walter Myers,Individual,New Tina,+1-285-278-8381x0454,642,113,Pending,19:57:00 20-03-2025
256,Derek Wilson,Individual,Christopherland,+1-963-859-7585x002,7,735,Cancelled,23:58:00 07-03-2025
256,Derek Wilson,Individual,Christopherland,+1-963-859-7585x002,42,886,Pending,12:22:00 07-03-2025
258,Scott Grant,Individual,Port Samantha,001-691-849-8860x97955,353,730,Pending,21:29:00 07-03-2025
258,Scott Grant,Individual,Port Samantha,001-691-849-8860x97955,473,593,Pending,11:39:00 14-03-2025
259,Aimee Stone,NGO,Barnesport,104-394-7041x83013,537,39,Cancelled,08:41:00 20-03-2025
259,Aimee Stone,NGO,Barnesport,104-394-7041x83013,792,775,Completed,17:39:00 12-03-2025
262,Autumn Reed,NGO,East John,+1-001-202-0048,178,437,Cancelled,05:55:00 05-03-2025
262,Autumn Reed,NGO,East John,+1-001-202-0048,331,585,Cancelled,18:37:00 18-03-2025
266,Stacy Mayo,Shelter,Bauerton,+1-364-925-2936x855,465,632,Pending,21:43:00 19-03-2025
266,Stacy Mayo,Shelter,Bauerton,+1-364-925-2936x855,883,167,Pending,12:45:00 11-03-2025
267,Randall Robbins,Shelter,Dylanton,+1-382-112-6000,321,116,Completed,18:14:00 12-03-2025
267,Randall Robbins,Shelter,Dylanton,+1-382-112-6000,954,732,Cancelled,10:04:00 10-03-2025
269,Mrs. Paula Jones,Individual,Emilymouth,(935)377-2742x36543,463,615,Completed,11:00:00 18-03-2025
269,Mrs. Paula Jones,Individual,Emilymouth,(935)377-2742x36543,497,606,Completed,03:51:00 06-03-2025
271,Mark Hartman,Individual,East Ashleyshire,818-015-1582,34,713,Pending,01:17:00 18-03-2025
272,Walter Carter,Shelter,Brianchester,(170)734-4123x02001,155,413,Completed,08:27:00 17-03-2025
272,Walter Carter,Shelter,Brianchester,(170)734-4123x02001,989,799,Pending,13:03:00 08-03-2025
274,Robin Ross,Individual,East Williamborough,(780)754-0093,514,521,Cancelled,00:05:00 21-03-2025
275,Michael Johnson,Individual,Longmouth,081.042.8712,762,505,Cancelled,00:02:00 16-03-2025
275,Michael Johnson,Individual,Longmouth,081.042.8712,797,950,Pending,22:59:00 12-03-2025
276,Scott Hunter,Individual,Greenton,074.305.5053x60975,176,35,Cancelled,01:34:00 12-03-2025
276,Scott Hunter,Individual,Greenton,074.305.5053x60975,674,861,Cancelled,00:14:00 10-03-2025
276,Scott Hunter,Individual,Greenton,074.305.5053x60975,890,128,Cancelled,08:03:00 13-03-2025
276,Scott Hunter,Individual,Greenton,074.305.5053x60975,893,180,Completed,12:02:00 20-03-2025
276,Scott Hunter,Individual,Greenton,074.305.5053x60975,923,293,Cancelled,22:49:00 02-03-2025
279,Angela Wyatt,Charity,Port Jessica,592.913.1646x3179,63,119,Pending,21:30:00 08-03-2025
281,Mrs. Kristin Adams DDS,Charity,Lake Christychester,073-764-3235,231,208,Pending,22:39:00 15-03-2025
281,Mrs. Kristin Adams DDS,Charity,Lake Christychester,073-764-3235,586,970,Completed,06:59:00 20-03-2025
281,Mrs. Kristin Adams DDS,Charity,Lake Christychester,073-764-3235,810,528,Cancelled,06:11:00 15-03-2025
282,Lisa Pitts,Shelter,Lake Stephenport,001-709-342-3522,280,150,Cancelled,12:21:00 01-03-2025
283,Edward Cook,Charity,Isaiahtown,990-534-5202x158,347,564,Pending,20:37:00 11-03-2025
283,Edward Cook,Charity,Isaiahtown,990-534-5202x158,513,73,Cancelled,20:17:00 05-03-2025
285,Derrick Curtis,NGO,Stephaniechester,140-095-1639x5596,154,495,Pending,12:04:00 20-03-2025
285,Derrick Curtis,NGO,Stephaniechester,140-095-1639x5596,466,699,Pending,04:34:00 21-03-2025
287,Jennifer Johnson,Charity,Burnettton,7970971389,301,489,Cancelled,07:53:00 02-03-2025
287,Jennifer Johnson,Charity,Burnettton,7970971389,534,50,Cancelled,15:47:00 10-03-2025
292,Mrs. Emily Smith DVM,NGO,Shermantown,(348)542-4932x868,122,160,Cancelled,00:40:00 15-03-2025
292,Mrs. Emily Smith DVM,NGO,Shermantown,(348)542-4932x868,545,463,Completed,06:07:00 09-03-2025
293,Randy Roach,Charity,East Bryan,888-534-4534,708,999,Pending,18:55:00 18-03-2025
293,Randy Roach,Charity,East Bryan,888-534-4534,795,902,Completed,21:45:00 05-03-2025
294,Cynthia Horton,NGO,Jamesstad,535.576.5970x774,195,40,Completed,20:49:00 15-03-2025
294,Cynthia Horton,NGO,Jamesstad,535.576.5970x774,493,74,Cancelled,05:15:00 18-03-2025
295,Joseph Williams,Individual,East Dale,001-112-513-9413,57,225,Completed,21:44:00 11-03-2025
297,Deanna Daniels,Individual,Aguilarstad,001-436-929-2288,166,19,Completed,23:05:00 03-03-2025
297,Deanna Daniels,Individual,Aguilarstad,001-436-929-2288,777,886,Cancelled,09:47:00 14-03-2025
298,Robert Burke,NGO,Marksmouth,995.297.8023x0932,282,161,Cancelled,07:06:00 14-03-2025
298,Robert Burke,NGO,Marksmouth,995.297.8023x0932,950,481,Pending,03:50:00 01-03-2025
299,Michael Curtis,Shelter,Alexanderbury,+1-523-687-8881x66849,429,528,Pending,18:15:00 14-03-2025
299,Michael Curtis,Shelter,Alexanderbury,+1-523-687-8881x66849,909,893,Completed,23:39:00 20-03-2025
300,Jeanne Benjamin,NGO,North Alexander,595.000.7971x3446,749,689,Cancelled,19:23:00 13-03-2025
300,Jeanne Benjamin,NGO,North Alexander,595.000.7971x3446,821,590,Cancelled,03:27:00 11-03-2025
301,Kristina Simpson,NGO,Melissaport,3752453906,236,327,Completed,19:29:00 13-03-2025
301,Kristina Simpson,NGO,Melissaport,3752453906,338,609,Pending,04:08:00 21-03-2025
301,Kristina Simpson,NGO,Melissaport,3752453906,477,65,Cancelled,13:18:00 11-03-2025
301,Kristina Simpson,NGO,Melissaport,3752453906,933,574,Cancelled,06:24:00 02-03-2025
302,Daniel Moore,Charity,Port Richard,176-809-8232x828,163,67,Cancelled,09:04:00 02-03-2025
302,Daniel Moore,Charity,Port Richard,176-809-8232x828,872,832,Completed,15:47:00 15-03-2025
303,Joseph Davis,NGO,Millerport,779.802.6319x67760,124,252,Cancelled,06:55:00 20-03-2025
305,Brendan Vargas,NGO,Kellyville,981.660.6741x707,679,302,Pending,01:38:00 16-03-2025
306,Donna Williams,Charity,Calebview,083-313-0990x09518,43,611,Pending,17:08:00 16-03-2025
306,Donna Williams,Charity,Calebview,083-313-0990x09518,464,611,Completed,03:32:00 01-03-2025
306,Donna Williams,Charity,Calebview,083-313-0990x09518,506,892,Completed,05:39:00 10-03-2025
308,Robin Pena,NGO,Cynthiashire,691-775-8145,962,391,Completed,00:59:00 09-03-2025
310,Gary Adams,Individual,New Sara,001-323-823-4026x61837,88,233,Completed,02:47:00 03-03-2025
314,Kelsey Smith,Shelter,Haleymouth,(764)989-3036x77897,665,49,Pending,19:49:00 08-03-2025
317,Martha Flores,NGO,Lake Glenview,568.426.0750,268,738,Pending,11:58:00 16-03-2025
317,Martha Flores,NGO,Lake Glenview,568.426.0750,745,807,Pending,19:02:00 19-03-2025
318,Michael Carter,Charity,Danielborough,+1-149-468-9647x5327,794,928,Cancelled,16:04:00 13-03-2025
318,Michael Carter,Charity,Danielborough,+1-149-468-9647x5327,941,223,Cancelled,18:16:00 04-03-2025
319,Donald Bender,Charity,Andersenfort,(262)899-6349x569,299,911,Pending,03:03:00 01-03-2025
320,Carmen Barker,Shelter,North Williamview,001-151-284-3163,504,947,Completed,03:28:00 07-03-2025
321,Wanda Wise,Shelter,South Bethanyport,(940)028-0493x49472,68,526,Pending,04:49:00 02-03-2025
321,Wanda Wise,Shelter,South Bethanyport,(940)028-0493x49472,248,458,Pending,03:12:00 09-03-2025
322,Stephanie Mathews,Shelter,North Ashleymouth,+1-852-242-7762x49312,461,492,Pending,16:22:00 04-03-2025
323,Linda Banks,Individual,New Sarahmouth,323-540-9403x92583,329,419,Pending,03:09:00 14-03-2025
323,Linda Banks,Individual,New Sarahmouth,323-540-9403x92583,920,279,Cancelled,16:37:00 20-03-2025
324,Kristine Martin,NGO,Thompsonhaven,444.954.4127x16438,77,65,Completed,22:57:00 04-03-2025
324,Kristine Martin,NGO,Thompsonhaven,444.954.4127x16438,197,418,Cancelled,21:41:00 03-03-2025
324,Kristine Martin,NGO,Thompsonhaven,444.954.4127x16438,360,743,Cancelled,00:38:00 08-03-2025
324,Kristine Martin,NGO,Thompsonhaven,444.954.4127x16438,946,839,Cancelled,13:56:00 20-03-2025
327,Aaron Keller,Shelter,Melissaview,799.568.0302,521,295,Cancelled,06:19:00 16-03-2025
328,Carlos Lawrence,Individual,New Justinhaven,272.580.3538,770,917,Completed,08:12:00 11-03-2025
329,Christine Patterson,Individual,Edwardfort,001-270-907-0981x5520,125,765,Pending,21:40:00 18-03-2025
329,Christine Patterson,Individual,Edwardfort,001-270-907-0981x5520,535,663,Completed,05:22:00 21-03-2025
330,Kimberly Hamilton,Individual,North Bruce,398-486-8232x9944,971,596,Completed,12:51:00 10-03-2025
331,Shane Stein,Individual,Reidton,(086)799-6277x14274,158,297,Cancelled,00:35:00 15-03-2025
336,Laura Marshall,Charity,East Lisafurt,+1-389-167-7916x81453,41,415,Pending,04:33:00 18-03-2025
337,Jennifer Schmidt,Individual,South Michelleshire,007-561-4094x27296,162,427,Completed,10:31:00 15-03-2025
337,Jennifer Schmidt,Individual,South Michelleshire,007-561-4094x27296,471,11,Cancelled,04:51:00 21-03-2025
339,Dustin Johnson,Individual,Gomezmouth,001-171-995-2815x84366,179,787,Completed,09:23:00 09-03-2025
341,Anna Buckley,Individual,Murphyfort,421.281.9097x013,576,58,Completed,02:11:00 17-03-2025
341,Anna Buckley,Individual,Murphyfort,421.281.9097x013,842,812,Cancelled,22:59:00 14-03-2025
341,Anna Buckley,Individual,Murphyfort,421.281.9097x013,993,635,Cancelled,12:40:00 19-03-2025
342,Kristina Vargas,Charity,Lake Rebeccaton,364.779.6707x066,182,579,Pending,01:41:00 19-03-2025
342,Kristina Vargas,Charity,Lake Rebeccaton,364.779.6707x066,574,438,Completed,02:02:00 04-03-2025
342,Kristina Vargas,Charity,Lake Rebeccaton,364.779.6707x066,579,559,Completed,11:30:00 19-03-2025
344,Barbara Velasquez,Charity,Priceborough,(669)247-4183,187,381,Pending,12:36:00 03-03-2025
344,Barbara Velasquez,Charity,Priceborough,(669)247-4183,423,915,Pending,05:41:00 21-03-2025
345,Eric Ramos,Individual,Rushfurt,515.928.1587x32812,319,888,Pending,05:34:00 05-03-2025
345,Eric Ramos,Individual,Rushfurt,515.928.1587x32812,860,9,Cancelled,09:20:00 05-03-2025
347,Michael Keller,Individual,New Derek,(000)572-1246x444,508,152,Pending,04:09:00 01-03-2025
348,Donna Hughes,Individual,Maryfort,352-520-3779x375,720,502,Cancelled,06:28:00 15-03-2025
348,Donna Hughes,Individual,Maryfort,352-520-3779x375,805,181,Cancelled,11:08:00 13-03-2025
348,Donna Hughes,Individual,Maryfort,352-520-3779x375,869,935,Cancelled,23:05:00 11-03-2025
350,Sylvia Stanley,Shelter,Jenniferbury,065-230-0281,200,97,Completed,21:48:00 08-03-2025
351,Kerry Jones,Charity,New Christopher,725-779-5651,761,205,Completed,20:51:00 12-03-2025
352,Cody Martin,Individual,Angelamouth,(239)678-6580x09652,95,673,Cancelled,10:52:00 11-03-2025
353,Mrs. Stacey Morales MD,Individual,Juliastad,866.050.9817,169,188,Completed,00:38:00 08-03-2025
353,Mrs. Stacey Morales MD,Individual,Juliastad,866.050.9817,467,216,Completed,16:21:00 13-03-2025
354,Kimberly Nelson,Charity,Lake Lesliemouth,(009)475-3945,330,275,Completed,06:24:00 01-03-2025
354,Kimberly Nelson,Charity,Lake Lesliemouth,(009)475-3945,628,906,Pending,09:31:00 17-03-2025
354,Kimberly Nelson,Charity,Lake Lesliemouth,(009)475-3945,932,419,Completed,16:39:00 12-03-2025
355,Brian Hoffman,Shelter,Lake Dillonborough,(718)753-5421x7242,767,798,Completed,18:34:00 09-03-2025
357,Jacob Orozco,Individual,West Jeffrey,787-834-8225,416,900,Cancelled,07:04:00 12-03-2025
358,Brian Davis,Charity,Williamsfort,(750)646-5852,742,132,Pending,15:01:00 15-03-2025
360,Tammy Boone,Shelter,New Christopher,301.713.7646x501,278,258,Pending,03:18:00 14-03-2025
361,Samuel Lewis,Individual,North Nicole,001-381-807-5033x358,862,839,Cancelled,04:49:00 19-03-2025
361,Samuel Lewis,Individual,North Nicole,001-381-807-5033x358,868,460,Pending,02:48:00 09-03-2025
361,Samuel Lewis,Individual,North Nicole,001-381-807-5033x358,905,380,Pending,13:31:00 05-03-2025
362,Elizabeth Collins,Shelter,Johnland,(601)532-8275x383,844,778,Cancelled,05:59:00 16-03-2025
367,Ricardo Roberts,Individual,West Matthewborough,(371)857-1738x24461,615,821,Completed,20:37:00 05-03-2025
368,Debra Murray,NGO,Duncanchester,566-832-5437,333,332,Completed,08:50:00 13-03-2025
368,Debra Murray,NGO,Duncanchester,566-832-5437,578,674,Pending,06:50:00 17-03-2025
368,Debra Murray,NGO,Duncanchester,566-832-5437,984,1,Completed,06:19:00 19-03-2025
370,Tara Johns,Individual,Paulmouth,374.171.5991x58449,507,217,Pending,12:41:00 20-03-2025
371,William Frederick,NGO,Port Dean,001-228-551-9866,32,624,Cancelled,12:57:00 17-03-2025
371,William Frederick,NGO,Port Dean,001-228-551-9866,59,797,Cancelled,23:28:00 02-03-2025
371,William Frederick,NGO,Port Dean,001-228-551-9866,563,622,Cancelled,21:06:00 02-03-2025
371,William Frederick,NGO,Port Dean,001-228-551-9866,930,407,Pending,10:47:00 03-03-2025
371,William Frederick,NGO,Port Dean,001-228-551-9866,974,643,Cancelled,19:08:00 03-03-2025
372,Harold Bowen,Charity,South Barbaraburgh,732.692.1653x04238,522,271,Pending,21:36:00 17-03-2025
373,Seth Esparza,Shelter,Port Brandonberg,2597616873,48,895,Pending,23:13:00 09-03-2025
373,Seth Esparza,Shelter,Port Brandonberg,2597616873,91,251,Completed,18:10:00 18-03-2025
374,Ricky Walker,Individual,Port Johnstad,001-066-700-7862x511,170,157,Pending,19:34:00 05-03-2025
375,Melissa Smith,Shelter,Lake Stevenburgh,+1-616-230-5539,291,886,Completed,07:49:00 06-03-2025
376,John Reeves,NGO,Jamieview,+1-050-306-9244x20943,266,367,Completed,07:07:00 02-03-2025
377,Patrick Campbell,NGO,Leeton,7058064686,861,510,Cancelled,06:11:00 13-03-2025
377,Patrick Campbell,NGO,Leeton,7058064686,965,285,Pending,01:35:00 04-03-2025
378,Brandi Buckley,Shelter,Lawrencechester,518-742-2945x12087,853,299,Pending,09:13:00 18-03-2025
379,Tara Graham,Shelter,Lake Cory,617.869.7697,788,253,Completed,17:32:00 19-03-2025
380,Heather Silva,Charity,Lake Ryan,1340826530,38,757,Cancelled,05:29:00 18-03-2025
381,Yvette Huffman,Charity,Reevestown,8398518386,784,655,Pending,22:41:00 19-03-2025
381,Yvette Huffman,Charity,Reevestown,8398518386,850,652,Pending,15:57:00 07-03-2025
382,Patricia Stevens,Shelter,Perezport,001-628-479-0049x980,183,879,Cancelled,12:37:00 13-03-2025
382,Patricia Stevens,Shelter,Perezport,001-628-479-0049x980,212,603,Completed,00:30:00 08-03-2025
382,Patricia Stevens,Shelter,Perezport,001-628-479-0049x980,267,518,Cancelled,01:30:00 11-03-2025
384,Anthony Guerra,Charity,North Michelle,102.222.7070x5313,117,864,Pending,01:30:00 10-03-2025
385,William Barnes,Shelter,Kellyfurt,(257)241-0749x262,458,178,Completed,03:13:00 10-03-2025
386,Mary Hopkins,Individual,Tiffanyport,001-476-350-8465x7500,33,905,Cancelled,14:26:00 16-03-2025
386,Mary Hopkins,Individual,Tiffanyport,001-476-350-8465x7500,498,946,Pending,15:13:00 16-03-2025
388,Nicole Mueller,Charity,Rachelberg,241-269-1178,210,813,Pending,22:06:00 11-03-2025
389,Kelly Buchanan,Charity,Lake Jonathanchester,106-927-5178x0789,831,401,Completed,11:43:00 09-03-2025
390,Victor Crawford,NGO,New Brandonton,+1-389-087-5252x62752,144,457,Cancelled,14:06:00 12-03-2025
390,Victor Crawford,NGO,New Brandonton,+1-389-087-5252x62752,173,504,Completed,06:41:00 18-03-2025
390,Victor Crawford,NGO,New Brandonton,+1-389-087-5252x62752,408,730,Pending,08:56:00 08-03-2025
391,Regina Munoz,NGO,Lake Clinton,585.955.3149,2,353,Cancelled,10:24:00 11-03-2025
391,Regina Munoz,NGO,Lake Clinton,585.955.3149,60,390,Pending,15:03:00 16-03-2025
392,Tracy Douglas,NGO,Gordonstad,+1-084-522-8932x8580,138,648,Cancelled,19:39:00 02-03-2025
394,Kyle Kerr,Charity,Sarahville,(065)853-7158x4157,704,271,Pending,01:33:00 08-03-2025
394,Kyle Kerr,Charity,Sarahville,(065)853-7158x4157,992,251,Completed,10:54:00 17-03-2025
395,Joseph Davis,Charity,Sherryhaven,426-870-2757x6102,748,494,Cancelled,21:16:00 02-03-2025
396,Allison Martinez,NGO,New Amy,(945)511-1142x655,520,624,Completed,09:53:00 03-03-2025
397,Mr. Robert Rivera II,Individual,Bergerport,+1-470-154-5478x4289,607,72,Cancelled,00:38:00 12-03-2025
398,Alex White,Charity,Port Carmen,(226)363-8449,207,937,Completed,16:07:00 18-03-2025
399,Jennifer Hughes,Charity,West Donnaton,001-147-430-1204x8556,19,798,Pending,06:32:00 16-03-2025
399,Jennifer Hughes,Charity,West Donnaton,001-147-430-1204x8556,529,515,Completed,10:51:00 07-03-2025
400,John Byrd,Shelter,West Randall,(219)313-6702x212,568,852,Completed,02:45:00 04-03-2025
400,John Byrd,Shelter,West Randall,(219)313-6702x212,885,515,Pending,23:58:00 16-03-2025
401,Leslie Acevedo,Charity,Lake Matthew,(028)737-3556x89803,526,697,Pending,18:51:00 17-03-2025
401,Leslie Acevedo,Charity,Lake Matthew,(028)737-3556x89803,569,59,Pending,15:48:00 02-03-2025
404,Marissa Fischer,Shelter,New Kevin,(454)463-8142x8597,134,650,Pending,00:37:00 18-03-2025
404,Marissa Fischer,Shelter,New Kevin,(454)463-8142x8597,496,599,Pending,15:31:00 20-03-2025
406,Ashley Martinez,NGO,Lake Crystal,151-521-2736,411,525,Pending,16:53:00 18-03-2025
407,Arthur Thomas,Charity,Clarkhaven,001-797-615-8560x7849,223,486,Cancelled,19:20:00 08-03-2025
407,Arthur Thomas,Charity,Clarkhaven,001-797-615-8560x7849,229,69,Completed,23:40:00 19-03-2025
407,Arthur Thomas,Charity,Clarkhaven,001-797-615-8560x7849,927,317,Completed,13:34:00 15-03-2025
408,Jennifer Mccoy,Individual,Morganville,(430)171-1148x1808,969,836,Cancelled,02:39:00 16-03-2025
409,Matthew Simmons PhD,Shelter,Brandonhaven,001-040-668-4559x58950,976,551,Completed,12:50:00 07-03-2025
410,Betty Reid,Charity,North Abigail,001-526-626-7117x20926,533,275,Pending,05:38:00 13-03-2025
410,Betty Reid,Charity,North Abigail,001-526-626-7117x20926,641,251,Cancelled,00:21:00 02-03-2025
410,Betty Reid,Charity,North Abigail,001-526-626-7117x20926,664,866,Cancelled,06:20:00 19-03-2025
410,Betty Reid,Charity,North Abigail,001-526-626-7117x20926,796,685,Cancelled,00:39:00 13-03-2025
412,David Carney,NGO,Port Dianemouth,001-710-732-1565x428,46,556,Cancelled,02:30:00 12-03-2025
412,David Carney,NGO,Port Dianemouth,001-710-732-1565x428,577,486,Cancelled,21:29:00 16-03-2025
413,Dennis Schultz,NGO,New Natalieland,(348)049-0216,292,190,Completed,20:27:00 13-03-2025
413,Dennis Schultz,NGO,New Natalieland,(348)049-0216,575,636,Cancelled,23:06:00 01-03-2025
414,Dr. Matthew Hughes DDS,NGO,Christopherchester,+1-126-714-2290x91321,390,398,Completed,18:36:00 10-03-2025
414,Dr. Matthew Hughes DDS,NGO,Christopherchester,+1-126-714-2290x91321,955,492,Completed,23:17:00 14-03-2025
415,Kevin Blair,Individual,Lake Laurenburgh,(887)033-5757x4595,695,462,Cancelled,21:12:00 10-03-2025
416,Ernest Cox,Shelter,Christinaland,(061)462-4166,196,111,Completed,19:37:00 20-03-2025
417,Justin Santos,NGO,Rayfurt,953.221.6291x3146,316,896,Completed,22:44:00 10-03-2025
418,Miss Mary Turner,Charity,North Holly,899-330-2450,388,16,Completed,01:43:00 05-03-2025
418,Miss Mary Turner,Charity,North Holly,899-330-2450,756,696,Completed,09:29:00 16-03-2025
419,Teresa Jackson,Shelter,Port Thomasstad,001-620-115-6715x07034,151,359,Completed,05:30:00 12-03-2025
419,Teresa Jackson,Shelter,Port Thomasstad,001-620-115-6715x07034,510,90,Pending,09:35:00 12-03-2025
419,Teresa Jackson,Shelter,Port Thomasstad,001-620-115-6715x07034,848,374,Pending,18:19:00 18-03-2025
420,Susan Green,Charity,Josephborough,+1-716-778-7428x09975,146,769,Completed,01:42:00 08-03-2025
420,Susan Green,Charity,Josephborough,+1-716-778-7428x09975,159,496,Completed,15:27:00 12-03-2025
420,Susan Green,Charity,Josephborough,+1-716-778-7428x09975,373,866,Pending,10:49:00 19-03-2025
423,Christine Bell,Individual,South Edwardburgh,(172)033-3196x74489,103,463,Completed,12:06:00 07-03-2025
423,Christine Bell,Individual,South Edwardburgh,(172)033-3196x74489,481,144,Completed,04:38:00 10-03-2025
423,Christine Bell,Individual,South Edwardburgh,(172)033-3196x74489,714,951,Pending,01:57:00 21-03-2025
424,Pamela Harris,Charity,Lewisfort,320-562-3060,910,410,Completed,14:21:00 05-03-2025
425,Robert Chavez,NGO,Chadport,(886)049-9104x019,86,790,Cancelled,09:25:00 02-03-2025
425,Robert Chavez,NGO,Chadport,(886)049-9104x019,895,977,Pending,03:28:00 12-03-2025
426,Jose Rivas,Shelter,Rosaleschester,001-411-455-9848x386,903,413,Cancelled,22:32:00 18-03-2025
429,Daniel Williams,Shelter,Russellburgh,2886093038,783,485,Cancelled,18:58:00 15-03-2025
432,Julie Brown,NGO,East Melissaport,(544)200-6673x39918,439,480,Cancelled,03:32:00 04-03-2025
435,Whitney Evans,Shelter,Martinezside,001-355-911-9659,397,45,Pending,14:58:00 04-03-2025
436,Jacqueline Turner,NGO,Robertsport,937.841.8251,396,50,Completed,23:56:00 16-03-2025
437,Lindsey Lewis,Shelter,West Rogerview,001-610-209-8312,629,326,Pending,00:43:00 16-03-2025
437,Lindsey Lewis,Shelter,West Rogerview,001-610-209-8312,747,234,Pending,21:37:00 03-03-2025
438,Jane Davis,Individual,Lake Joshuaville,001-480-554-8487x778,255,256,Pending,17:31:00 18-03-2025
438,Jane Davis,Individual,Lake Joshuaville,001-480-554-8487x778,525,22,Completed,04:20:00 15-03-2025
438,Jane Davis,Individual,Lake Joshuaville,001-480-554-8487x778,814,95,Completed,18:11:00 15-03-2025
439,Erika Lopez,Shelter,North Margarethaven,117.027.1702,199,913,Cancelled,03:22:00 09-03-2025
439,Erika Lopez,Shelter,North Margarethaven,117.027.1702,834,335,Pending,00:14:00 09-03-2025
440,Alexander Walsh,Individual,Troyshire,001-443-638-7858x7009,168,609,Completed,16:18:00 01-03-2025
440,Alexander Walsh,Individual,Troyshire,001-443-638-7858x7009,345,223,Pending,12:29:00 17-03-2025
440,Alexander Walsh,Individual,Troyshire,001-443-638-7858x7009,633,385,Completed,13:15:00 12-03-2025
442,Natasha Harper,NGO,Port Sara,(474)763-3272x81635,271,160,Cancelled,12:00:00 06-03-2025
442,Natasha Harper,NGO,Port Sara,(474)763-3272x81635,542,560,Completed,22:53:00 13-03-2025
442,Natasha Harper,NGO,Port Sara,(474)763-3272x81635,691,498,Cancelled,02:18:00 02-03-2025
446,Eric Mays,NGO,Port Deborahbury,555-698-7496x465,442,499,Cancelled,16:01:00 19-03-2025
446,Eric Mays,NGO,Port Deborahbury,555-698-7496x465,511,199,Cancelled,18:00:00 01-03-2025
446,Eric Mays,NGO,Port Deborahbury,555-698-7496x465,726,23,Cancelled,00:25:00 06-03-2025
448,Nicholas Harrison,Shelter,New Timothymouth,155752106,191,206,Completed,11:59:00 10-03-2025
449,Mrs. Valerie Hartman,NGO,Port Jenniferborough,1271218776,53,37,Completed,09:43:00 11-03-2025
451,Marcus Gregory,Shelter,Hollyside,(452)490-4054x2105,964,563,Pending,10:43:00 17-03-2025
452,Tina Banks,Charity,Port Judith,986-535-7620,56,690,Completed,14:29:00 17-03-2025
454,Steven Griffin,NGO,Cruzborough,511.595.0189,297,494,Completed,17:04:00 14-03-2025
454,Steven Griffin,NGO,Cruzborough,511.595.0189,694,529,Completed,06:03:00 01-03-2025
455,Jennifer Kennedy,Individual,Port Deborah,9581893095,753,958,Cancelled,15:56:00 07-03-2025
458,Michael Vargas,Charity,East Andrewhaven,(932)466-1933x7047,601,964,Completed,03:54:00 21-03-2025
459,Brandon Riley,NGO,Powerston,742-364-6134,398,548,Pending,17:22:00 06-03-2025
460,Karen Stafford,Shelter,West Justinberg,(040)774-3704,440,265,Cancelled,21:06:00 14-03-2025
460,Karen Stafford,Shelter,West Justinberg,(040)774-3704,556,479,Completed,18:19:00 07-03-2025
462,Timothy Martin,Charity,Lake Adriennechester,686804383,147,795,Completed,13:48:00 02-03-2025
467,Nathan Gonzales,Charity,East Daniel,543.908.4807x329,107,374,Completed,00:40:00 21-03-2025
468,David Castro,Shelter,Heatherhaven,701.529.8611x3352,453,531,Cancelled,22:16:00 12-03-2025
468,David Castro,Shelter,Heatherhaven,701.529.8611x3352,849,647,Pending,05:17:00 14-03-2025
472,Brian Hill,Charity,Port Dominique,001-468-666-0994x3200,758,877,Cancelled,02:09:00 20-03-2025
472,Brian Hill,Charity,Port Dominique,001-468-666-0994x3200,916,571,Pending,03:13:00 13-03-2025
473,Justin Powell,Shelter,Port Sarah,001-823-112-3947x46965,341,386,Completed,14:46:00 10-03-2025
473,Justin Powell,Shelter,Port Sarah,001-823-112-3947x46965,565,801,Completed,04:40:00 12-03-2025
473,Justin Powell,Shelter,Port Sarah,001-823-112-3947x46965,812,820,Pending,00:40:00 07-03-2025
475,Kim Gamble,Individual,East Ginafort,(076)275-8691,186,153,Pending,21:04:00 11-03-2025
477,Jorge Young,Shelter,Lake Rebeccaton,208.678.3432,270,568,Completed,09:23:00 17-03-2025
479,Karen Reeves MD,NGO,Lake Mitchellbury,365-174-3809,70,203,Completed,15:41:00 19-03-2025
479,Karen Reeves MD,NGO,Lake Mitchellbury,365-174-3809,774,35,Cancelled,12:11:00 20-03-2025
480,Michael Roberson,NGO,South Davidstad,821.945.1712x4447,227,925,Completed,05:40:00 06-03-2025
481,Heather Brown,Shelter,New Michaelport,001-137-622-5038x219,274,304,Pending,22:55:00 15-03-2025
482,Timothy Garrett,NGO,Andersonview,9075323328,613,764,Completed,06:01:00 01-03-2025
482,Timothy Garrett,NGO,Andersonview,9075323328,738,819,Completed,23:39:00 12-03-2025
482,Timothy Garrett,NGO,Andersonview,9075323328,948,156,Completed,11:23:00 14-03-2025
483,Emily Sandoval,Charity,Port Gregory,076-207-0611,441,968,Cancelled,11:28:00 08-03-2025
484,Mary Harrington,Shelter,Port Jason,(773)159-6013x005,608,570,Cancelled,05:26:00 08-03-2025
485,Debbie Cox,Charity,Christopherchester,001-858-989-1478x60960,445,602,Cancelled,08:55:00 19-03-2025
487,Micheal Peterson,NGO,West Jeffreyfurt,094.330.4095,27,58,Completed,05:07:00 17-03-2025
488,Patrick Jenkins,Charity,West Richard,(117)098-8608x39905,314,657,Cancelled,12:18:00 19-03-2025
489,Erin Foster,Charity,Jessicatown,104-981-9543x8798,246,615,Completed,05:50:00 10-03-2025
492,Julie Lewis,NGO,South Steven,(557)352-3497x4606,3,626,Completed,00:59:00 21-03-2025
492,Julie Lewis,NGO,South Steven,(557)352-3497x4606,600,910,Cancelled,17:33:00 17-03-2025
493,Chelsea Powell,Charity,Lake Rachelburgh,001-527-059-4168x72504,21,281,Completed,00:29:00 04-03-2025
493,Chelsea Powell,Charity,Lake Rachelburgh,001-527-059-4168x72504,295,25,Pending,18:39:00 13-03-2025
493,Chelsea Powell,Charity,Lake Rachelburgh,001-527-059-4168x72504,449,865,Pending,06:16:00 17-03-2025
493,Chelsea Powell,Charity,Lake Rachelburgh,001-527-059-4168x72504,884,364,Cancelled,15:24:00 14-03-2025
494,Timothy Chavez,Individual,Brooksmouth,(939)046-4362x26066,385,594,Pending,21:27:00 03-03-2025
494,Timothy Chavez,Individual,Brooksmouth,(939)046-4362x26066,713,973,Completed,06:15:00 07-03-2025
495,Andrea Meyer,Individual,Christophertown,001-579-575-4238x796,198,985,Completed,01:17:00 04-03-2025
495,Andrea Meyer,Individual,Christophertown,001-579-575-4238x796,340,148,Completed,23:31:00 10-03-2025
497,Miss Jamie Gonzalez DDS,Charity,Proctorville,(011)132-1619x1390,339,52,Completed,23:14:00 06-03-2025
497,Miss Jamie Gonzalez DDS,Charity,Proctorville,(011)132-1619x1390,970,997,Cancelled,02:55:00 05-03-2025
499,Ricky Harmon,Individual,Port Chaseport,817.399.8610x569,126,202,Completed,16:19:00 11-03-2025
500,Richard Patterson,Charity,Huynhmouth,1091960030,96,937,Completed,07:56:00 17-03-2025
500,Richard Patterson,Charity,Huynhmouth,1091960030,290,664,Cancelled,12:13:00 08-03-2025
500,Richard Patterson,Charity,Huynhmouth,1091960030,418,632,Cancelled,16:52:00 01-03-2025
503,Eileen Scott,Charity,Lewismouth,(834)331-4178x57771,324,777,Completed,22:57:00 03-03-2025
503,Eileen Scott,Charity,Lewismouth,(834)331-4178x57771,553,215,Pending,15:39:00 04-03-2025
505,Alexandra Owens,NGO,Bradleyland,927.996.1259,485,321,Cancelled,17:49:00 06-03-2025
505,Alexandra Owens,NGO,Bradleyland,927.996.1259,573,229,Completed,15:46:00 12-03-2025
505,Alexandra Owens,NGO,Bradleyland,927.996.1259,650,421,Completed,14:21:00 12-03-2025
505,Alexandra Owens,NGO,Bradleyland,927.996.1259,712,179,Completed,01:24:00 01-03-2025
507,Destiny Maldonado,Charity,Carlosfurt,264-754-6432x2877,432,427,Pending,13:30:00 15-03-2025
507,Destiny Maldonado,Charity,Carlosfurt,264-754-6432x2877,887,743,Pending,02:19:00 15-03-2025
507,Destiny Maldonado,Charity,Carlosfurt,264-754-6432x2877,921,826,Completed,01:43:00 05-03-2025
508,Kimberly Wilson,Individual,Susanville,9903662975,457,79,Pending,04:11:00 05-03-2025
508,Kimberly Wilson,Individual,Susanville,9903662975,672,903,Completed,09:42:00 19-03-2025
508,Kimberly Wilson,Individual,Susanville,9903662975,824,151,Cancelled,05:45:00 15-03-2025
509,Drew Edwards,Charity,Huffmouth,+1-910-217-0650x58040,966,558,Cancelled,23:25:00 13-03-2025
510,Jeremy Christensen,Individual,Ashleyborough,678-777-3829,891,973,Cancelled,05:08:00 17-03-2025
511,Kimberly Cox,NGO,Lake Gloria,628-904-6503,490,891,Pending,11:20:00 09-03-2025
512,Anne Stone,Shelter,Pittsville,(468)482-9531x7575,939,37,Pending,15:55:00 08-03-2025
514,Ashley Bell,Shelter,Olsonland,+1-733-905-4924x97502,309,6,Cancelled,02:19:00 14-03-2025
517,Taylor Wolfe,Individual,New Travisland,516.367.4140,52,507,Cancelled,14:58:00 15-03-2025
517,Taylor Wolfe,Individual,New Travisland,516.367.4140,259,467,Pending,13:30:00 07-03-2025
523,William Fox,NGO,Port Angelafurt,228-002-6281,94,505,Cancelled,05:04:00 19-03-2025
524,Tiffany Rodriguez,Charity,Ramirezhaven,+1-976-624-2718x90881,624,502,Cancelled,16:11:00 05-03-2025
525,Michael Dixon,Charity,Rebeccaview,579.632.5450x933,688,854,Completed,01:18:00 18-03-2025
526,Brian Morales,NGO,Darinland,409-939-7232x9674,23,674,Completed,22:55:00 06-03-2025
528,Alexander Dean,Charity,New Robert,+1-291-500-3349x3774,808,243,Pending,20:29:00 01-03-2025
529,Amy Perez,Charity,West Jacquelineland,001-692-634-3701x202,123,715,Completed,13:50:00 20-03-2025
529,Amy Perez,Charity,West Jacquelineland,001-692-634-3701x202,235,135,Cancelled,15:40:00 10-03-2025
531,Alexandra Rogers,Charity,Paulaburgh,911-326-3274x85954,205,915,Cancelled,03:27:00 14-03-2025
531,Alexandra Rogers,Charity,Paulaburgh,911-326-3274x85954,359,107,Cancelled,22:15:00 14-03-2025
531,Alexandra Rogers,Charity,Paulaburgh,911-326-3274x85954,435,129,Pending,10:48:00 14-03-2025
532,David Sellers DVM,Individual,South Michaelfurt,492.321.3443,65,424,Cancelled,15:00:00 15-03-2025
532,David Sellers DVM,Individual,South Michaelfurt,492.321.3443,836,733,Pending,00:13:00 18-03-2025
532,David Sellers DVM,Individual,South Michaelfurt,492.321.3443,900,545,Completed,21:06:00 03-03-2025
533,Joseph Knapp,Shelter,New Michael,117.096.9114,835,203,Pending,05:03:00 07-03-2025
536,Margaret Lloyd,Shelter,Phillipston,+1-551-266-7292x92504,476,166,Pending,13:34:00 03-03-2025
536,Margaret Lloyd,Shelter,Phillipston,+1-551-266-7292x92504,687,921,Completed,20:46:00 07-03-2025
537,Earl Eaton,Shelter,Port Michaelport,764237778,424,755,Cancelled,13:00:00 02-03-2025
538,Ronald Norton,Individual,Carterton,+1-311-060-5846x0735,276,786,Completed,11:54:00 16-03-2025
538,Ronald Norton,Individual,Carterton,+1-311-060-5846x0735,426,101,Completed,07:28:00 18-03-2025
541,Amy Brown,NGO,Shelbyland,752.956.3208x04024,249,810,Completed,09:29:00 16-03-2025
542,Savannah Neal,Individual,Ashleeside,(750)257-4736x9555,572,622,Completed,23:13:00 17-03-2025
543,Brenda Green,Charity,Jacobmouth,001-344-515-4579x388,530,59,Completed,03:12:00 07-03-2025
544,Matthew Wright,NGO,Port Traci,001-782-074-4708,414,826,Cancelled,19:31:00 08-03-2025
544,Matthew Wright,NGO,Port Traci,001-782-074-4708,736,84,Completed,23:52:00 14-03-2025
545,Peter Allen,Individual,Port Kristinechester,+1-487-877-1518,673,474,Cancelled,04:05:00 10-03-2025
546,Meagan Hughes,Charity,Lake Lance,(109)364-9434,31,937,Completed,02:06:00 03-03-2025
547,James Kennedy,Charity,South Donaldshire,543.901.8742x48816,387,94,Cancelled,21:23:00 19-03-2025
548,Gary Andrews,NGO,Gonzalezstad,+1-115-368-3340,137,46,Completed,03:22:00 06-03-2025
548,Gary Andrews,NGO,Gonzalezstad,+1-115-368-3340,727,47,Cancelled,04:10:00 17-03-2025
549,Trevor Lam,NGO,New Alexismouth,726-277-0665,846,125,Cancelled,13:25:00 18-03-2025
550,Shawn Gibson,Individual,South Eric,001-268-793-0427x33000,61,990,Cancelled,21:06:00 08-03-2025
550,Shawn Gibson,Individual,South Eric,001-268-793-0427x33000,190,152,Pending,09:21:00 20-03-2025
550,Shawn Gibson,Individual,South Eric,001-268-793-0427x33000,684,299,Pending,08:30:00 14-03-2025
553,Scott Proctor,Shelter,Adamland,(998)282-2315x7499,386,979,Cancelled,09:36:00 04-03-2025
553,Scott Proctor,Shelter,Adamland,(998)282-2315x7499,979,855,Completed,08:39:00 07-03-2025
554,Margaret Mccullough,Charity,Ortizmouth,888-890-3956,84,925,Pending,02:10:00 09-03-2025
554,Margaret Mccullough,Charity,Ortizmouth,888-890-3956,350,909,Completed,18:27:00 19-03-2025
554,Margaret Mccullough,Charity,Ortizmouth,888-890-3956,450,29,Cancelled,20:03:00 20-03-2025
555,Mary Lewis,Individual,Port Richard,+1-443-680-8966,129,318,Pending,15:50:00 03-03-2025
555,Mary Lewis,Individual,Port Richard,+1-443-680-8966,257,191,Completed,02:28:00 04-03-2025
555,Mary Lewis,Individual,Port Richard,+1-443-680-8966,934,639,Cancelled,17:07:00 08-03-2025
558,Samantha Salinas,Charity,Rayberg,001-301-396-8153x96235,908,762,Completed,13:06:00 05-03-2025
559,Randy Martinez,Shelter,Brownville,001-788-451-1379x961,776,23,Cancelled,00:29:00 02-03-2025
559,Randy Martinez,Shelter,Brownville,001-788-451-1379x961,973,284,Pending,20:43:00 08-03-2025
560,Matthew Mendez,Shelter,South Meganland,+1-406-192-3141x20799,121,460,Completed,11:44:00 14-03-2025
560,Matthew Mendez,Shelter,South Meganland,+1-406-192-3141x20799,661,520,Pending,02:37:00 09-03-2025
561,Andrea Morris,NGO,Hallton,(151)391-8350x82191,696,634,Cancelled,17:08:00 12-03-2025
561,Andrea Morris,NGO,Hallton,(151)391-8350x82191,904,168,Completed,21:53:00 08-03-2025
562,Antonio Murphy,NGO,West Kevin,+1-177-564-0300x9110,36,597,Pending,03:41:00 16-03-2025
565,Brian Blankenship,Charity,East Jordanborough,+1-450-291-6223x9898,469,404,Completed,07:13:00 15-03-2025
566,Michael Lewis,Individual,East Kimberlymouth,072-078-1249x988,160,446,Completed,19:48:00 19-03-2025
567,Peggy Knight,Shelter,North Michaelville,293-241-7469x5110,611,433,Pending,05:41:00 08-03-2025
568,Melissa Mclaughlin,Charity,Roberttown,671-908-7777x08364,544,187,Cancelled,02:56:00 18-03-2025
569,Danny Randolph,Shelter,South Yolanda,029.011.8582,45,457,Completed,07:07:00 13-03-2025
570,Anthony Cochran,Individual,Port Todd,+1-960-253-0828x4007,669,224,Pending,03:52:00 06-03-2025
570,Anthony Cochran,Individual,Port Todd,+1-960-253-0828x4007,818,797,Completed,20:54:00 10-03-2025
571,Lydia Phillips,Shelter,North Hollyland,(704)162-2429,204,824,Pending,04:10:00 18-03-2025
571,Lydia Phillips,Shelter,North Hollyland,(704)162-2429,546,962,Completed,17:55:00 07-03-2025
571,Lydia Phillips,Shelter,North Hollyland,(704)162-2429,754,997,Completed,08:59:00 20-03-2025
572,Diana Blair,Shelter,Murrayside,001-632-774-3398x50003,527,340,Pending,19:35:00 19-03-2025
572,Diana Blair,Shelter,Murrayside,001-632-774-3398x50003,898,851,Completed,07:54:00 14-03-2025
574,Mr. William Hunt,Shelter,Barreratown,564.854.6978x7462,491,1,Completed,07:16:00 08-03-2025
576,Justin Lopez,Individual,East Stephenton,(526)153-8449x436,364,822,Completed,21:47:00 10-03-2025
576,Justin Lopez,Individual,East Stephenton,(526)153-8449x436,626,823,Pending,02:42:00 21-03-2025
585,Mark Lewis,NGO,Lisaview,+1-894-554-0220x5777,185,486,Pending,04:05:00 21-03-2025
585,Mark Lewis,NGO,Lisaview,+1-894-554-0220x5777,951,236,Completed,01:05:00 18-03-2025
586,Amy Barker,Shelter,North Nathanville,001-806-821-3010x5044,325,49,Completed,14:05:00 11-03-2025
587,Jennifer Clark,NGO,Spencermouth,+1-862-196-7109x9671,746,385,Pending,13:13:00 19-03-2025
588,Laurie Alvarez,Shelter,North Raymond,(463)392-9887x42698,17,465,Cancelled,16:49:00 15-03-2025
589,Nicole Williams,NGO,West Richard,727.771.3700,106,674,Cancelled,03:27:00 06-03-2025
589,Nicole Williams,NGO,West Richard,727.771.3700,676,625,Pending,09:58:00 15-03-2025
590,Terry Fernandez,Shelter,Mooreburgh,506.052.7523x43392,217,998,Completed,08:04:00 06-03-2025
590,Terry Fernandez,Shelter,Mooreburgh,506.052.7523x43392,787,988,Completed,04:12:00 15-03-2025
590,Terry Fernandez,Shelter,Mooreburgh,506.052.7523x43392,825,31,Pending,07:28:00 12-03-2025
594,Sheri Johnson,Shelter,North Christopher,253.920.0751,209,893,Cancelled,23:25:00 12-03-2025
595,Courtney Whitney,Individual,West Mariashire,001-528-446-7897,298,96,Cancelled,06:08:00 19-03-2025
595,Courtney Whitney,Individual,West Mariashire,001-528-446-7897,401,174,Pending,00:28:00 11-03-2025
595,Courtney Whitney,Individual,West Mariashire,001-528-446-7897,855,410,Cancelled,22:24:00 01-03-2025
596,Natalie Navarro,Shelter,West Carrieberg,001-433-742-6627x972,434,356,Completed,21:14:00 15-03-2025
600,Bruce Alexander,Individual,New Tammyhaven,376.501.2938,157,557,Completed,14:13:00 16-03-2025
600,Bruce Alexander,Individual,New Tammyhaven,376.501.2938,392,116,Completed,21:48:00 08-03-2025
600,Bruce Alexander,Individual,New Tammyhaven,376.501.2938,509,134,Cancelled,15:43:00 17-03-2025
601,Peter Gonzalez,Shelter,Biancaton,(112)578-4601x9811,55,438,Completed,00:13:00 09-03-2025
601,Peter Gonzalez,Shelter,Biancaton,(112)578-4601x9811,193,670,Completed,02:13:00 03-03-2025
602,Paul Carter,Individual,Kinghaven,(108)002-5301x83445,286,335,Pending,20:45:00 18-03-2025
603,Christina Caldwell,Shelter,New Christopherburgh,(457)874-5807x7325,809,929,Pending,03:05:00 10-03-2025
607,Sean Wolf,NGO,Mcfarlandhaven,(490)913-7034x400,6,273,Cancelled,02:50:00 02-03-2025
607,Sean Wolf,NGO,Mcfarlandhaven,(490)913-7034x400,228,325,Pending,10:07:00 10-03-2025
608,Oscar Bauer,Charity,South Nicoleberg,001-874-507-6783,130,660,Cancelled,08:51:00 13-03-2025
608,Oscar Bauer,Charity,South Nicoleberg,001-874-507-6783,540,444,Cancelled,04:11:00 10-03-2025
608,Oscar Bauer,Charity,South Nicoleberg,001-874-507-6783,735,720,Completed,06:52:00 20-03-2025
610,Jimmy Morton,Charity,New Carrie,001-721-348-0570x6158,671,297,Completed,01:43:00 01-03-2025
612,Meredith Griffin,NGO,Patriciamouth,(330)818-7400,148,174,Completed,04:52:00 10-03-2025
613,Renee Campbell,Shelter,North Tiffanyfort,199.375.0653x151,400,373,Completed,12:26:00 15-03-2025
613,Renee Campbell,Shelter,North Tiffanyfort,199.375.0653x151,428,225,Completed,15:13:00 07-03-2025
615,Rachel Carson,NGO,Robertside,001-910-852-2109x575,866,461,Completed,02:31:00 01-03-2025
616,Christopher Wright,Shelter,New Kellytown,+1-631-074-8622x827,447,801,Cancelled,02:49:00 13-03-2025
617,Justin Lee,Individual,Shelleyburgh,199.646.5303x65771,819,18,Pending,01:36:00 06-03-2025
618,Samuel Mendez,Individual,Andersonland,(064)431-0381,620,207,Cancelled,11:24:00 17-03-2025
619,Taylor Estrada,NGO,Nguyenview,001-351-556-5960x359,105,89,Completed,23:07:00 15-03-2025
619,Taylor Estrada,NGO,Nguyenview,001-351-556-5960x359,610,151,Cancelled,15:18:00 14-03-2025
620,Cassandra Foster,Individual,West Danielview,(283)047-5421x9049,871,786,Cancelled,17:20:00 08-03-2025
622,Gary Torres,Charity,Kimberlyview,(816)141-2613x8114,864,962,Cancelled,00:55:00 09-03-2025
624,Alvin Day Jr.,NGO,East Heatherbury,722.127.8600,85,197,Completed,09:52:00 01-03-2025
625,Paul Lee,NGO,Stephenchester,+1-874-157-5024x3157,957,230,Completed,20:45:00 16-03-2025
628,James Gardner,NGO,Morenoborough,405.211.3183x136,437,230,Cancelled,02:41:00 15-03-2025
629,Andrea Hansen,NGO,Lake Mary,407.525.5651x8151,562,326,Pending,09:12:00 01-03-2025
631,Diana Fisher,Shelter,New Daryl,974.391.4500x152,213,227,Cancelled,09:19:00 09-03-2025
632,Austin Smith,NGO,North Marcusbury,219-381-8831x93973,89,912,Cancelled,20:34:00 05-03-2025
637,Benjamin Soto,NGO,West Garretthaven,8693958395,587,560,Pending,01:27:00 10-03-2025
637,Benjamin Soto,NGO,West Garretthaven,8693958395,877,707,Completed,23:14:00 03-03-2025
637,Benjamin Soto,NGO,West Garretthaven,8693958395,931,616,Completed,01:42:00 04-03-2025
638,Timothy Browning,Charity,Moralesfort,001-836-247-3024,82,641,Pending,13:21:00 09-03-2025
640,Joseph Smith,NGO,Anthonystad,716-698-3766x7391,588,92,Cancelled,05:36:00 12-03-2025
643,Mary Morrow,NGO,Melaniehaven,001-995-921-9720x7901,335,453,Cancelled,19:10:00 11-03-2025
645,Steven Armstrong,NGO,Robertfurt,2161559564,300,81,Pending,16:21:00 14-03-2025
645,Steven Armstrong,NGO,Robertfurt,2161559564,486,106,Cancelled,11:54:00 04-03-2025
647,Christine Davis,Charity,Josephton,144.359.7605,693,479,Cancelled,03:55:00 15-03-2025
647,Christine Davis,Charity,Josephton,144.359.7605,854,173,Completed,15:30:00 08-03-2025
647,Christine Davis,Charity,Josephton,144.359.7605,881,17,Pending,19:27:00 12-03-2025
648,Heather Stewart,NGO,South Lucasview,518-936-4091x169,188,896,Pending,22:19:00 11-03-2025
649,Cory Schmidt MD,Individual,Johnsonville,001-915-535-6309x779,326,690,Pending,14:41:00 14-03-2025
650,Nicholas Peterson,NGO,West Troyview,001-528-783-1533x9196,718,626,Completed,23:56:00 14-03-2025
650,Nicholas Peterson,NGO,West Troyview,001-528-783-1533x9196,806,529,Pending,07:54:00 02-03-2025
651,Rebecca Mcbride,Charity,Port Timothymouth,(159)421-4100x43055,494,675,Cancelled,07:39:00 18-03-2025
652,Sandy Ward,Shelter,North Michael,+1-532-646-0437x1719,980,925,Pending,11:35:00 18-03-2025
654,John Murray,Shelter,Fernandezberg,001-664-004-0117x5796,101,16,Cancelled,02:19:00 07-03-2025
654,John Murray,Shelter,Fernandezberg,001-664-004-0117x5796,647,35,Pending,17:53:00 18-03-2025
655,Lauren Golden,NGO,Michealstad,(509)120-3093,804,614,Cancelled,06:12:00 21-03-2025
658,Frank Olson,Shelter,South Anthonyside,001-996-747-5678x5051,371,677,Pending,03:44:00 20-03-2025
660,James Hernandez II,Charity,Kenthaven,001-036-235-2960,317,747,Pending,05:40:00 11-03-2025
660,James Hernandez II,Charity,Kenthaven,001-036-235-2960,444,128,Cancelled,03:57:00 11-03-2025
663,Michael English,NGO,Lake Daniel,612.320.3740,356,840,Cancelled,06:07:00 17-03-2025
663,Michael English,NGO,Lake Daniel,612.320.3740,677,287,Pending,11:41:00 18-03-2025
665,Felicia Collier,NGO,Toddstad,+1-113-202-4089x101,455,984,Pending,22:55:00 06-03-2025
666,Meredith Hull,NGO,Markfurt,575-879-8768x33505,156,870,Completed,05:59:00 16-03-2025
668,Maria Singh,NGO,Brandonhaven,+1-353-127-1876x477,715,36,Pending,14:14:00 17-03-2025
670,Amber Hobbs,NGO,Rogersfort,914.864.5127x8523,480,548,Pending,23:08:00 17-03-2025
671,Cindy Green PhD,NGO,Sharpfurt,6744184457,501,202,Completed,12:22:00 12-03-2025
673,Shelly Castillo,Charity,Chenview,001-984-641-2359x15247,383,920,Completed,10:55:00 09-03-2025
673,Shelly Castillo,Charity,Chenview,001-984-641-2359x15247,833,214,Cancelled,15:57:00 11-03-2025
674,Stephen Harris,Charity,Port Seanshire,+1-163-880-7237x908,711,703,Completed,07:35:00 15-03-2025
676,John Williams,Charity,Brooksborough,(057)537-1761x52273,523,744,Completed,11:09:00 13-03-2025
678,Joseph Johnson,NGO,South Jasminechester,412.202.8352x6950,49,190,Pending,13:44:00 20-03-2025
678,Joseph Johnson,NGO,South Jasminechester,412.202.8352x6950,62,258,Pending,14:07:00 17-03-2025
679,Alexis Rodriguez,Shelter,South Shirleymouth,(748)827-8108x926,431,115,Completed,11:53:00 20-03-2025
680,James Lewis,NGO,Richardton,001-151-287-1850,790,30,Completed,13:01:00 05-03-2025
681,Becky Hernandez,Shelter,Jeanshire,001-950-510-9795x700,667,165,Cancelled,23:27:00 02-03-2025
682,Paige Lewis,Shelter,Karenfort,(150)608-5231x697,368,788,Pending,11:59:00 16-03-2025
684,Kiara Martinez,Individual,Ellisborough,829-939-8804,393,390,Pending,00:15:00 21-03-2025
685,Angela Knight,Individual,Port Joshua,491-330-2377x936,216,794,Pending,23:16:00 17-03-2025
686,Spencer Roberts,Charity,East Sheenahaven,074-920-1029x14932,230,915,Pending,04:11:00 20-03-2025
686,Spencer Roberts,Charity,East Sheenahaven,074-920-1029x14932,953,744,Cancelled,20:10:00 05-03-2025
687,Danny Palmer,NGO,North Erikhaven,+1-931-315-8378x838,638,949,Completed,05:38:00 16-03-2025
688,Jeffrey Turner,Charity,East Tiffanyview,001-321-160-3094x50214,367,262,Completed,19:46:00 07-03-2025
691,Brittany Williams,Individual,Christinehaven,078.314.8173x43041,366,695,Pending,18:29:00 02-03-2025
693,Carl Brewer,Individual,Nelsonbury,846-764-5157x7104,403,141,Pending,08:42:00 02-03-2025
694,Rachel Arnold,Shelter,New James,001-087-674-1329x05614,865,163,Pending,15:49:00 07-03-2025
695,Janet Newton,Individual,West Amandaport,930-590-8261,83,805,Completed,19:37:00 18-03-2025
695,Janet Newton,Individual,West Amandaport,930-590-8261,145,114,Pending,05:28:00 13-03-2025
695,Janet Newton,Individual,West Amandaport,930-590-8261,765,168,Pending,09:49:00 17-03-2025
696,Kellie Hart,Charity,Changview,+1-235-589-9126x33112,374,72,Pending,14:14:00 10-03-2025
697,Laura Leach,Charity,Davidtown,5465940771,394,211,Pending,16:12:00 05-03-2025
700,Kimberly Duncan,Shelter,West Monica,001-851-158-2436x740,852,66,Cancelled,10:02:00 18-03-2025
701,Amber Arellano,NGO,South Marymouth,+1-718-425-8787x628,245,725,Pending,16:16:00 18-03-2025
701,Amber Arellano,NGO,South Marymouth,+1-718-425-8787x628,781,676,Pending,14:26:00 04-03-2025
702,Rebecca Chan,Charity,West Brittany,(279)707-3052,284,554,Pending,08:45:00 19-03-2025
703,Mr. Jonathan Williams,Individual,Bruceburgh,(606)010-6061,306,651,Pending,00:09:00 05-03-2025
703,Mr. Jonathan Williams,Individual,Bruceburgh,(606)010-6061,549,954,Cancelled,20:52:00 10-03-2025
704,Jason Lowe,NGO,Sarahside,063.115.0253,357,536,Cancelled,02:25:00 08-03-2025
704,Jason Lowe,NGO,Sarahside,063.115.0253,580,508,Pending,04:45:00 01-03-2025
705,Christopher Sellers,Charity,East Nathanstad,(570)957-6832,541,261,Completed,12:29:00 11-03-2025
706,Shannon Jensen,Shelter,Lake Kevinport,001-378-570-1120x234,262,188,Completed,00:40:00 16-03-2025
706,Shannon Jensen,Shelter,Lake Kevinport,001-378-570-1120x234,581,734,Cancelled,10:35:00 09-03-2025
706,Shannon Jensen,Shelter,Lake Kevinport,001-378-570-1120x234,830,353,Cancelled,12:31:00 16-03-2025
709,Matthew Sanchez,Individual,New Stephanie,131.083.4622x013,755,34,Completed,03:13:00 15-03-2025
710,Eric Carrillo,Shelter,Nicholsonland,001-905-007-8793x1997,751,398,Pending,04:56:00 16-03-2025
713,Robert Moses,Shelter,Port Terry,(629)870-5299x9094,646,120,Cancelled,13:29:00 13-03-2025
715,Tyler Christensen,Charity,Lake Douglas,306-691-2501,778,241,Pending,00:31:00 11-03-2025
717,Jonathon Gregory,Individual,Shortfort,040-511-7461x377,24,594,Pending,00:51:00 15-03-2025
717,Jonathon Gregory,Individual,Shortfort,040-511-7461x377,358,562,Completed,12:56:00 09-03-2025
717,Jonathon Gregory,Individual,Shortfort,040-511-7461x377,692,500,Pending,02:15:00 14-03-2025
718,Matthew Brown,Individual,Port Amberfurt,785-336-0978,281,483,Cancelled,17:17:00 12-03-2025
723,Lisa Kim,Individual,New Brandyhaven,+1-465-856-2095,111,214,Pending,11:40:00 14-03-2025
723,Lisa Kim,Individual,New Brandyhaven,+1-465-856-2095,828,598,Pending,04:15:00 04-03-2025
725,Edward Lopez,NGO,New Matthewton,683-591-7229,619,743,Cancelled,07:40:00 20-03-2025
726,Tammy Brown,Shelter,Victorton,+1-244-569-1621x3556,194,771,Cancelled,09:44:00 15-03-2025
728,Dustin Stark,Charity,Kimberlymouth,(716)950-4574x79791,238,572,Cancelled,15:24:00 20-03-2025
729,David Spence,Charity,Port Curtisside,+1-843-006-1807,18,952,Completed,02:04:00 09-03-2025
729,David Spence,Charity,Port Curtisside,+1-843-006-1807,802,100,Completed,09:35:00 17-03-2025
730,Felicia Glover,Shelter,East Michael,982-844-2370,66,310,Cancelled,19:22:00 11-03-2025
730,Felicia Glover,Shelter,East Michael,982-844-2370,897,929,Completed,19:48:00 13-03-2025
735,Kyle Scott,Individual,Reedview,001-980-204-3107x974,261,602,Pending,13:58:00 13-03-2025
735,Kyle Scott,Individual,Reedview,001-980-204-3107x974,318,861,Completed,20:11:00 04-03-2025
735,Kyle Scott,Individual,Reedview,001-980-204-3107x974,798,609,Pending,10:08:00 09-03-2025
737,James Brown,Shelter,Lake Catherine,(152)508-8754x91151,54,534,Cancelled,01:44:00 06-03-2025
737,James Brown,Shelter,Lake Catherine,(152)508-8754x91151,604,522,Completed,21:27:00 11-03-2025
737,James Brown,Shelter,Lake Catherine,(152)508-8754x91151,623,400,Cancelled,10:01:00 14-03-2025
738,Matthew Morgan,Charity,Robertton,(535)512-2781,888,916,Completed,01:28:00 05-03-2025
739,Nancy Jones,Shelter,West Bradley,806.457.8047x368,12,694,Completed,21:55:00 01-03-2025
742,Matthew Webb,Charity,West David,001-998-341-9445x0465,551,837,Cancelled,08:32:00 13-03-2025
742,Matthew Webb,Charity,West David,001-998-341-9445x0465,621,175,Pending,10:26:00 19-03-2025
742,Matthew Webb,Charity,West David,001-998-341-9445x0465,703,836,Cancelled,10:57:00 14-03-2025
742,Matthew Webb,Charity,West David,001-998-341-9445x0465,750,931,Completed,04:32:00 19-03-2025
742,Matthew Webb,Charity,West David,001-998-341-9445x0465,807,767,Completed,17:05:00 08-03-2025
743,Nicholas Tucker,Charity,Port Samantha,(290)071-2070,593,882,Cancelled,23:53:00 05-03-2025
745,Jose Vance,NGO,Lake Heatherberg,216.620.7837x2021,175,813,Pending,21:27:00 07-03-2025
745,Jose Vance,NGO,Lake Heatherberg,216.620.7837x2021,221,837,Cancelled,23:38:00 01-03-2025
745,Jose Vance,NGO,Lake Heatherberg,216.620.7837x2021,956,904,Completed,08:36:00 13-03-2025
746,Kenneth Barnes,NGO,South Lindsay,(868)434-0244,997,980,Cancelled,22:04:00 17-03-2025
747,Vanessa Johnson,Shelter,Wilsonshire,(151)347-7079x5528,206,94,Completed,16:41:00 06-03-2025
747,Vanessa Johnson,Shelter,Wilsonshire,(151)347-7079x5528,222,550,Pending,23:06:00 14-03-2025
747,Vanessa Johnson,Shelter,Wilsonshire,(151)347-7079x5528,724,396,Completed,02:12:00 12-03-2025
748,Bridget Williams,Charity,South Williamview,001-079-347-2416x344,543,657,Completed,16:38:00 12-03-2025
754,Michael Ford,Individual,New Sean,389-988-8452,709,673,Cancelled,09:11:00 20-03-2025
755,Eugene Beltran,Shelter,South Samanthaburgh,001-696-616-2431x933,983,300,Pending,19:10:00 18-03-2025
756,Emma Anderson,NGO,Lake Michelle,001-369-347-5266,337,405,Completed,19:58:00 03-03-2025
757,Christopher Garcia,Charity,North Danielchester,+1-837-555-5633x0883,22,345,Pending,03:11:00 09-03-2025
759,Kathleen Watkins,Shelter,Hardyberg,(435)788-4119x238,305,464,Pending,18:55:00 17-03-2025
762,Donna Chang,NGO,East Stevenborough,9564962501,215,33,Cancelled,11:37:00 08-03-2025
762,Donna Chang,NGO,East Stevenborough,9564962501,505,919,Cancelled,18:56:00 10-03-2025
763,Karen Williamson,Shelter,Sandovalmouth,857-588-4472x78504,149,909,Cancelled,15:13:00 17-03-2025
765,Joshua Hooper,Shelter,Buchananton,+1-013-463-1430x05130,653,78,Pending,10:50:00 02-03-2025
766,John Reynolds,Shelter,Grahambury,001-062-085-9402x6875,603,920,Pending,07:49:00 11-03-2025
767,Jordan Hart,Shelter,East Julietown,+1-161-753-6365x946,634,435,Pending,17:54:00 08-03-2025
768,Mary Wilson,Charity,Lake Kimberlyton,484-336-3858x53588,896,315,Completed,06:17:00 15-03-2025
768,Mary Wilson,Charity,Lake Kimberlyton,484-336-3858x53588,922,206,Pending,00:57:00 20-03-2025
769,John Warner,Shelter,Cookhaven,+1-003-320-5395,29,812,Pending,17:09:00 14-03-2025
769,John Warner,Shelter,Cookhaven,+1-003-320-5395,987,579,Cancelled,13:27:00 04-03-2025
770,Jacob Gibbs,Charity,New Jesus,(806)265-1675,438,612,Pending,13:00:00 18-03-2025
770,Jacob Gibbs,Charity,New Jesus,(806)265-1675,448,902,Cancelled,11:37:00 17-03-2025
771,Emily Gallagher,Individual,Wagnerburgh,4916631678,857,418,Completed,22:10:00 12-03-2025
772,Cassandra Yoder,Charity,Danielfurt,+1-928-766-0621x673,102,110,Completed,06:03:00 16-03-2025
774,Tracy Bass,NGO,South Jessicaburgh,461-258-4749x956,302,633,Pending,18:50:00 03-03-2025
777,Julie Dickerson,Shelter,Diazbury,383.138.2733x067,752,463,Cancelled,23:12:00 13-03-2025
778,Kristie Townsend,Shelter,Melissaberg,(167)438-9582x45761,847,682,Cancelled,07:36:00 07-03-2025
781,Jason Taylor,NGO,Reginaburgh,150-638-0354x9178,690,85,Completed,18:58:00 09-03-2025
781,Jason Taylor,NGO,Reginaburgh,150-638-0354x9178,766,945,Completed,09:20:00 10-03-2025
782,Timothy Burns,Charity,East Janetstad,(262)555-7560,452,365,Cancelled,16:04:00 18-03-2025
782,Timothy Burns,Charity,East Janetstad,(262)555-7560,591,723,Completed,06:00:00 20-03-2025
783,Monica Phillips,Charity,New Phillipfurt,188-588-9838,793,444,Completed,21:12:00 02-03-2025
785,Melissa Lee,Charity,Brownport,(833)194-0479x719,395,681,Cancelled,12:18:00 16-03-2025
785,Melissa Lee,Charity,Brownport,(833)194-0479x719,680,154,Completed,14:55:00 17-03-2025
786,Robert Kim,Shelter,Port Gabrielleborough,513-156-7998x53487,605,727,Completed,16:35:00 07-03-2025
786,Robert Kim,Shelter,Port Gabrielleborough,513-156-7998x53487,799,487,Completed,19:57:00 06-03-2025
787,Rachel Rios,NGO,Sarahaven,319-104-8885,211,406,Pending,12:10:00 02-03-2025
788,Beth Phillips,NGO,Zacharyview,(293)383-2279x8386,764,28,Completed,04:52:00 16-03-2025
788,Beth Phillips,NGO,Zacharyview,(293)383-2279x8386,935,520,Cancelled,07:27:00 17-03-2025
789,Laura Robertson,NGO,Hansonfurt,616-851-6533x67759,40,141,Pending,04:14:00 10-03-2025
789,Laura Robertson,NGO,Hansonfurt,616-851-6533x67759,571,408,Completed,06:09:00 03-03-2025
791,David Kennedy,Charity,Port Caleb,001-061-612-9715x40982,413,88,Completed,20:51:00 10-03-2025
794,Lee Nunez,Individual,Andersonfort,468.857.1870x688,737,636,Pending,18:09:00 14-03-2025
794,Lee Nunez,Individual,Andersonfort,468.857.1870x688,867,692,Completed,07:01:00 10-03-2025
795,Caitlin Cobb,Charity,North Andresport,+1-968-871-4930,79,188,Cancelled,01:13:00 03-03-2025
795,Caitlin Cobb,Charity,North Andresport,+1-968-871-4930,815,243,Completed,08:50:00 18-03-2025
797,Robert Becker,Charity,Danielland,060.756.0612,352,427,Completed,07:00:00 19-03-2025
799,Adam Moore,Charity,East Josephview,+1-119-080-3260x81212,656,875,Pending,16:14:00 13-03-2025
799,Adam Moore,Charity,East Josephview,+1-119-080-3260x81212,937,744,Cancelled,10:22:00 02-03-2025
799,Adam Moore,Charity,East Josephview,+1-119-080-3260x81212,978,818,Cancelled,06:11:00 11-03-2025
800,Anthony Garcia,Individual,Brownbury,+1-845-541-9687x513,263,22,Completed,09:37:00 16-03-2025
800,Anthony Garcia,Individual,Brownbury,+1-845-541-9687x513,644,837,Cancelled,04:33:00 11-03-2025
800,Anthony Garcia,Individual,Brownbury,+1-845-541-9687x513,706,636,Pending,23:19:00 09-03-2025
800,Anthony Garcia,Individual,Brownbury,+1-845-541-9687x513,817,969,Pending,16:20:00 03-03-2025
800,Anthony Garcia,Individual,Brownbury,+1-845-541-9687x513,823,96,Cancelled,21:50:00 07-03-2025
802,Lisa Cruz,Charity,Stevenmouth,(372)091-7748x36631,97,381,Pending,02:12:00 02-03-2025
804,Elizabeth Cochran,NGO,Theresabury,7711350025,50,251,Pending,13:18:00 19-03-2025
804,Elizabeth Cochran,NGO,Theresabury,7711350025,382,782,Cancelled,05:46:00 20-03-2025
805,Sharon Martin,Individual,South Michelleport,885.889.2008x8858,683,195,Pending,15:36:00 13-03-2025
806,James Miller,NGO,Lisabury,+1-499-819-6868x6637,516,302,Completed,09:58:00 08-03-2025
806,James Miller,NGO,Lisabury,+1-499-819-6868x6637,775,961,Completed,23:56:00 05-03-2025
807,Taylor Miller,NGO,Josephside,+1-022-270-5486x316,9,278,Completed,02:26:00 18-03-2025
808,Pamela Finley,Individual,Harrisfurt,001-160-542-5380x55508,279,531,Pending,17:05:00 13-03-2025
809,Karen Cain,Individual,East Daisybury,506-960-4185x0865,361,882,Pending,05:54:00 08-03-2025
810,Cody Meyer,NGO,Westshire,415.147.2095x47370,728,882,Completed,11:35:00 15-03-2025
811,Scott Schroeder,Shelter,Markfurt,001-229-042-2531x276,334,447,Cancelled,17:27:00 18-03-2025
811,Scott Schroeder,Shelter,Markfurt,001-229-042-2531x276,427,412,Cancelled,00:53:00 17-03-2025
811,Scott Schroeder,Shelter,Markfurt,001-229-042-2531x276,880,751,Cancelled,20:50:00 10-03-2025
814,Michael Petersen,NGO,Maryside,+1-454-301-1932x97038,627,686,Cancelled,01:36:00 15-03-2025
815,James Miller,NGO,North Dawn,001-359-139-7284x11773,320,241,Completed,01:29:00 12-03-2025
817,Victoria Torres,Charity,Martinchester,+1-624-780-9445x7755,67,486,Completed,17:22:00 17-03-2025
817,Victoria Torres,Charity,Martinchester,+1-624-780-9445x7755,944,680,Pending,00:52:00 08-03-2025
821,Jeffrey Wilson,Charity,Davisport,001-245-390-7219x847,512,798,Cancelled,19:57:00 15-03-2025
821,Jeffrey Wilson,Charity,Davisport,001-245-390-7219x847,548,520,Completed,21:01:00 14-03-2025
824,Madison Myers,Shelter,Cruzland,(123)500-8333x8386,322,256,Cancelled,05:22:00 05-03-2025
825,Charles Morris,Charity,New Olivia,(006)107-4825x44414,879,7,Pending,01:49:00 01-03-2025
830,Jeffrey Cooper,Shelter,Lake Christian,001-877-245-5095,960,292,Completed,09:00:00 15-03-2025
831,Samantha Ellison,Individual,New Kimberly,522.437.7292x9078,139,668,Completed,01:08:00 02-03-2025
832,Kylie Young,Shelter,Ginaview,9131186244,592,319,Completed,23:50:00 03-03-2025
832,Kylie Young,Shelter,Ginaview,9131186244,639,233,Cancelled,13:32:00 06-03-2025
833,Kelly Pierce,Shelter,West Josephland,370.467.1150x479,406,606,Pending,08:16:00 05-03-2025
833,Kelly Pierce,Shelter,West Josephland,370.467.1150x479,484,565,Cancelled,13:15:00 14-03-2025
835,Jennifer Wright,Shelter,Lauratown,(257)556-3261x76228,132,640,Cancelled,02:44:00 06-03-2025
835,Jennifer Wright,Shelter,Lauratown,(257)556-3261x76228,570,849,Completed,03:28:00 09-03-2025
836,Scott Craig,Shelter,South Lisa,118.382.6136,16,320,Cancelled,06:17:00 07-03-2025
837,Michelle Reed,Shelter,West John,1072168815,293,721,Completed,13:31:00 09-03-2025
838,Jessica Stephens,Charity,West Michaelton,358-977-8320,234,312,Pending,06:35:00 17-03-2025
838,Jessica Stephens,Charity,West Michaelton,358-977-8320,856,294,Completed,13:19:00 18-03-2025
839,Michael Cox,NGO,North Kelly,001-953-739-5146x845,981,615,Cancelled,15:58:00 10-03-2025
840,Mary Anderson,Shelter,South Mirandamouth,+1-148-126-0133x15456,114,870,Completed,10:36:00 06-03-2025
840,Mary Anderson,Shelter,South Mirandamouth,+1-148-126-0133x15456,947,304,Cancelled,20:13:00 03-03-2025
841,Brian Reed,NGO,Amandaburgh,640.564.9498x1956,919,623,Cancelled,18:11:00 11-03-2025
842,Robert Stewart,Shelter,New Laura,873-501-6244x4712,741,886,Cancelled,09:05:00 19-03-2025
843,Glenn Anthony,Charity,Halltown,502-960-7549,384,389,Completed,23:56:00 05-03-2025
843,Glenn Anthony,Charity,Halltown,502-960-7549,733,932,Completed,21:55:00 14-03-2025
844,Andrew Gray,Individual,Lake Dustin,(448)005-7192x2140,721,217,Completed,15:46:00 13-03-2025
848,Terrence Wagner,Individual,Taraside,001-832-246-7583,875,338,Completed,13:38:00 16-03-2025
849,Kyle Johnson,Shelter,Ellisshire,001-887-766-6073,275,906,Completed,11:36:00 02-03-2025
849,Kyle Johnson,Shelter,Ellisshire,001-887-766-6073,422,534,Completed,10:29:00 12-03-2025
850,Kristopher Mendoza,Individual,Bradfurt,(678)116-6339x54475,225,217,Cancelled,20:00:00 20-03-2025
850,Kristopher Mendoza,Individual,Bradfurt,(678)116-6339x54475,882,565,Completed,20:44:00 12-03-2025
850,Kristopher Mendoza,Individual,Bradfurt,(678)116-6339x54475,942,189,Completed,15:26:00 01-03-2025
852,Jo Martinez,Charity,Port Williamtown,+1-264-342-6012x6505,902,210,Completed,17:35:00 02-03-2025
854,Christopher Diaz,Individual,Lorifurt,001-442-106-2480x735,315,254,Completed,22:09:00 05-03-2025
855,Robert Abbott,NGO,Collierburgh,+1-114-532-8181x037,113,913,Pending,23:11:00 01-03-2025
855,Robert Abbott,NGO,Collierburgh,+1-114-532-8181x037,380,217,Pending,18:33:00 11-03-2025
856,Amanda Brown,Individual,New Larryshire,176.330.5060,232,250,Cancelled,04:43:00 17-03-2025
858,Ashley Harris,Individual,Lake Stephenchester,001-680-582-4607x74285,233,922,Pending,18:07:00 19-03-2025
858,Ashley Harris,Individual,Lake Stephenchester,001-680-582-4607x74285,405,548,Completed,02:49:00 18-03-2025
858,Ashley Harris,Individual,Lake Stephenchester,001-680-582-4607x74285,456,820,Pending,16:44:00 02-03-2025
859,Dana Williams,Charity,Cookstad,5259995693,561,269,Completed,17:52:00 07-03-2025
861,Ashley Clark,NGO,Poolebury,518.622.6804x900,595,172,Cancelled,15:18:00 07-03-2025
863,Jessica Camacho,Individual,Billyland,(190)674-9988x688,253,323,Cancelled,10:56:00 10-03-2025
864,Justin Anderson,NGO,South Craigborough,+1-967-629-8865x504,659,98,Cancelled,02:31:00 17-03-2025
865,Katherine Houston,Individual,Lake Joshuabury,(935)420-0196x9064,127,463,Completed,16:00:00 12-03-2025
866,Jose Cooper,Shelter,Pooleside,(083)601-2157,133,109,Pending,13:34:00 10-03-2025
869,David Mendoza,Charity,North Shawnastad,001-517-864-9061x969,419,221,Pending,09:41:00 11-03-2025
869,David Mendoza,Charity,North Shawnastad,001-517-864-9061x969,820,943,Completed,18:34:00 07-03-2025
870,Joshua Mendoza,Charity,North Amy,(842)876-7043x953,838,728,Completed,03:05:00 11-03-2025
871,Veronica Adams,Individual,Natalieside,3857123680,982,670,Cancelled,02:27:00 19-03-2025
872,Lori Peters,Individual,Annaborough,270.652.6057x691,402,379,Pending,00:59:00 08-03-2025
872,Lori Peters,Individual,Annaborough,270.652.6057x691,517,806,Completed,13:38:00 19-03-2025
873,Darius Reid,Charity,Port Philipmouth,(306)939-5162,354,608,Pending,15:33:00 09-03-2025
874,Danny Brown,Individual,East Shirley,829.371.2280x79605,208,166,Pending,07:30:00 09-03-2025
874,Danny Brown,Individual,East Shirley,829.371.2280x79605,446,524,Cancelled,21:31:00 10-03-2025
875,Scott Smith,Individual,New Donnahaven,001-376-965-5711,986,915,Completed,13:19:00 05-03-2025
876,Jeremy Robinson,NGO,Jamesview,001-097-198-3229x7777,81,964,Completed,09:13:00 03-03-2025
876,Jeremy Robinson,NGO,Jamesview,001-097-198-3229x7777,348,291,Cancelled,05:24:00 07-03-2025
877,Jeffrey Stafford,Shelter,North Nicholasborough,454.460.2468x7969,707,791,Pending,10:15:00 07-03-2025
878,Cory Johnson,NGO,Port Robertmouth,(944)311-5766,495,665,Completed,04:48:00 17-03-2025
879,Bridget Hill,Charity,South Emily,868-465-2331x6437,460,214,Completed,20:10:00 05-03-2025
880,Kristen Foster,Shelter,North Ricardo,749.252.8592,269,73,Completed,14:01:00 13-03-2025
880,Kristen Foster,Shelter,North Ricardo,749.252.8592,313,143,Cancelled,10:07:00 06-03-2025
880,Kristen Foster,Shelter,North Ricardo,749.252.8592,355,398,Pending,23:39:00 08-03-2025
882,Steven Shaffer,Shelter,Rodneyport,(799)793-9460,550,115,Pending,02:55:00 15-03-2025
883,Aaron Rios,NGO,New Jeffreyhaven,543-629-4859x81093,304,763,Pending,00:49:00 12-03-2025
883,Aaron Rios,NGO,New Jeffreyhaven,543-629-4859x81093,482,446,Completed,17:30:00 10-03-2025
884,Mary Evans,Shelter,North Josephmouth,248-457-5683,663,180,Cancelled,11:47:00 14-03-2025
886,Amber Cruz,Shelter,Allenborough,+1-077-073-1734x206,547,509,Cancelled,13:30:00 06-03-2025
887,Jean Woods,Shelter,Fernandezchester,+1-688-546-8304x8077,785,981,Pending,14:23:00 15-03-2025
887,Jean Woods,Shelter,Fernandezchester,+1-688-546-8304x8077,859,3,Cancelled,06:36:00 13-03-2025
888,Matthew Davis,Charity,Birdview,1367475533,472,958,Pending,21:52:00 04-03-2025
888,Matthew Davis,Charity,Birdview,1367475533,722,898,Completed,08:59:00 15-03-2025
889,Holly Aguilar,NGO,West Sara,799.506.2068,878,544,Cancelled,05:12:00 14-03-2025
891,Thomas Myers,Shelter,North Haleyhaven,579-856-5722,829,443,Pending,21:42:00 14-03-2025
892,Brian Hardy,NGO,Lake Williamhaven,(062)642-7542x67155,100,101,Pending,19:11:00 19-03-2025
893,Carrie Hess,Charity,Jarvisshire,+1-828-067-9673x188,214,479,Pending,08:09:00 07-03-2025
893,Carrie Hess,Charity,Jarvisshire,+1-828-067-9673x188,224,924,Cancelled,16:48:00 01-03-2025
894,Tammy Fletcher,Charity,New Adrian,219-550-2711,531,592,Pending,15:27:00 10-03-2025
897,Shelby Rice,Shelter,New Loriberg,+1-213-470-2112x7474,71,538,Cancelled,15:34:00 02-03-2025
897,Shelby Rice,Shelter,New Loriberg,+1-213-470-2112x7474,938,977,Cancelled,07:58:00 11-03-2025
899,Rachel Pena,NGO,Grossport,(523)668-5935x836,816,627,Pending,18:11:00 07-03-2025
900,Hannah Reynolds,Charity,East Kevinberg,731-040-5330x77836,8,382,Pending,07:07:00 05-03-2025
900,Hannah Reynolds,Charity,East Kevinberg,731-040-5330x77836,686,540,Pending,09:12:00 07-03-2025
901,Donald Caldwell,Shelter,Dawsonberg,001-191-071-2217x6177,161,579,Pending,22:58:00 14-03-2025
901,Donald Caldwell,Shelter,Dawsonberg,001-191-071-2217x6177,475,260,Cancelled,10:26:00 18-03-2025
901,Donald Caldwell,Shelter,Dawsonberg,001-191-071-2217x6177,700,110,Completed,19:12:00 08-03-2025
901,Donald Caldwell,Shelter,Dawsonberg,001-191-071-2217x6177,945,989,Cancelled,22:54:00 16-03-2025
902,Michelle Riley,NGO,New Juliaton,001-012-497-9466x8873,662,600,Completed,00:04:00 18-03-2025
903,Cindy Robinson DDS,Shelter,Franklinview,4186239588,894,730,Cancelled,11:28:00 02-03-2025
904,Amanda Kline,Shelter,East Travis,001-265-376-3204x275,378,765,Completed,13:50:00 08-03-2025
905,Ann Odonnell,Charity,East Michael,(926)345-7660x29567,598,403,Completed,04:55:00 04-03-2025
905,Ann Odonnell,Charity,East Michael,(926)345-7660x29567,630,606,Completed,15:26:00 02-03-2025
906,Christopher Gonzalez,Shelter,Payneland,+1-510-241-2999x765,272,417,Cancelled,04:45:00 18-03-2025
908,Abigail Crawford,NGO,Lake Shawn,(010)152-8668,1,164,Pending,05:26:00 05-03-2025
908,Abigail Crawford,NGO,Lake Shawn,(010)152-8668,116,162,Pending,17:02:00 16-03-2025
908,Abigail Crawford,NGO,Lake Shawn,(010)152-8668,375,342,Completed,02:51:00 14-03-2025
909,Matthew Cordova,NGO,Rubioborough,001-905-589-8944x09730,108,786,Pending,09:17:00 08-03-2025
912,Katelyn Proctor,Charity,Williamsborough,001-949-271-7461x8101,468,371,Completed,17:09:00 17-03-2025
916,Lindsey Mathis,Shelter,Ianland,816.558.5061,906,938,Pending,10:50:00 15-03-2025
917,Michael Townsend,Shelter,East Kevin,034.803.8502x33851,202,415,Cancelled,08:50:00 18-03-2025
917,Michael Townsend,Shelter,East Kevin,034.803.8502x33851,503,717,Cancelled,21:31:00 13-03-2025
917,Michael Townsend,Shelter,East Kevin,034.803.8502x33851,889,632,Cancelled,22:20:00 08-03-2025
918,Katrina Cruz,Charity,Jenkinsfurt,709-191-5616x88772,87,829,Completed,10:50:00 13-03-2025
920,Gregory Rodriguez,Charity,West Davidview,671.667.1616,37,832,Cancelled,03:50:00 13-03-2025
921,Kelly Walls,Individual,Lake Victoriaton,857-517-5280,462,517,Completed,21:04:00 05-03-2025
923,Victor Diaz,Shelter,Darinview,561.923.0470x922,39,58,Pending,09:57:00 12-03-2025
923,Victor Diaz,Shelter,Darinview,561.923.0470x922,109,696,Pending,16:28:00 15-03-2025
923,Victor Diaz,Shelter,Darinview,561.923.0470x922,479,216,Pending,05:08:00 21-03-2025
926,Kimberly Ware,Individual,East Sheriton,001-078-266-0266,251,832,Cancelled,15:16:00 01-03-2025
926,Kimberly Ware,Individual,East Sheriton,001-078-266-0266,585,373,Completed,13:20:00 19-03-2025
927,Mary Escobar,Individual,Gloriaview,(663)863-6846x9153,118,108,Cancelled,04:56:00 07-03-2025
929,Donna Terry,Charity,Mathistown,(104)858-7570,454,828,Completed,05:18:00 20-03-2025
933,Jodi Lee,NGO,West Paulfort,3517962649,4,61,Cancelled,09:08:00 04-03-2025
933,Jodi Lee,NGO,West Paulfort,3517962649,892,456,Pending,14:51:00 04-03-2025
934,Dr. Wendy Terrell,Charity,Erikashire,566-236-8791,907,800,Completed,03:13:00 04-03-2025
934,Dr. Wendy Terrell,Charity,Erikashire,566-236-8791,943,89,Pending,00:43:00 02-03-2025
935,John Harris,NGO,Riverafort,+1-827-545-0294x5697,407,722,Pending,18:28:00 12-03-2025
935,John Harris,NGO,Riverafort,+1-827-545-0294x5697,559,714,Cancelled,01:55:00 09-03-2025
935,John Harris,NGO,Riverafort,+1-827-545-0294x5697,917,109,Completed,10:41:00 03-03-2025
936,Jacob Horton,NGO,Port Douglasland,+1-286-744-5283x04031,143,9,Completed,11:36:00 05-03-2025
936,Jacob Horton,NGO,Port Douglasland,+1-286-744-5283x04031,351,528,Pending,10:41:00 02-03-2025
937,Mark Ward,NGO,Port Jonathanton,384311430,682,629,Pending,06:45:00 19-03-2025
938,Matthew Thornton,NGO,Hayesfort,1084069823,929,778,Pending,00:57:00 03-03-2025
939,Chad Vaughn,Charity,Lake Brandonborough,(565)199-2977x36531,258,520,Cancelled,06:16:00 03-03-2025
943,Rebecca Lucas,Charity,New Jessicabury,721.446.3873x3399,990,791,Cancelled,15:41:00 19-03-2025
944,Sharon Wood,Charity,New Melindashire,5282176863,640,239,Cancelled,01:17:00 19-03-2025
945,Alex Leon,Individual,Caitlynhaven,(667)114-0630x55873,928,41,Pending,00:15:00 20-03-2025
946,Taylor Mann,Charity,North Lawrence,001-766-748-2534x468,555,253,Pending,07:51:00 01-03-2025
947,Debra Webster,Charity,East Debramouth,(930)291-9053x13757,174,277,Cancelled,18:22:00 03-03-2025
949,Allison Pennington,Individual,North Lydiaberg,+1-586-713-6798,203,179,Completed,13:08:00 16-03-2025
949,Allison Pennington,Individual,North Lydiaberg,+1-586-713-6798,552,463,Pending,08:58:00 03-03-2025
949,Allison Pennington,Individual,North Lydiaberg,+1-586-713-6798,596,844,Cancelled,04:06:00 13-03-2025
950,Caitlin Bennett,NGO,Delacruzborough,(351)050-3132x9588,391,807,Completed,20:52:00 04-03-2025
950,Caitlin Bennett,NGO,Delacruzborough,(351)050-3132x9588,1000,596,Cancelled,12:51:00 13-03-2025
957,Angela Hall,Charity,Greenville,2576243615,115,663,Pending,00:19:00 05-03-2025
957,Angela Hall,Charity,Greenville,2576243615,913,705,Pending,22:21:00 15-03-2025
959,Samantha Gomez,Charity,Suzanneton,001-955-495-8534x09912,13,951,Pending,13:08:00 08-03-2025
959,Samantha Gomez,Charity,Suzanneton,001-955-495-8534x09912,940,911,Completed,23:59:00 05-03-2025
960,Jason Hughes,Shelter,Myerstown,851-627-0395x00955,519,406,Pending,21:16:00 06-03-2025
962,Donald Anderson,Shelter,North Stephanieborough,+1-224-951-1888x539,436,952,Completed,03:13:00 13-03-2025
963,Victor Ward,NGO,Johnhaven,628-048-2026x3385,622,949,Cancelled,19:13:00 12-03-2025
964,Donald Moore,Individual,Davisfort,001-742-164-8768x9906,288,63,Completed,02:29:00 19-03-2025
965,Ashley Silva,NGO,Port Thomas,(553)048-3123x8350,389,151,Cancelled,19:08:00 04-03-2025
965,Ashley Silva,NGO,Port Thomas,(553)048-3123x8350,826,762,Cancelled,09:16:00 09-03-2025
967,Samantha Sherman,Individual,Port Cindyberg,(659)277-6748x37772,998,832,Cancelled,18:00:00 13-03-2025
968,Mr. Joseph Herring,Individual,Mariefurt,839.044.2094,487,654,Completed,19:51:00 10-03-2025
968,Mr. Joseph Herring,Individual,Mariefurt,839.044.2094,584,705,Cancelled,12:04:00 01-03-2025
970,Brandon Rice,Shelter,South Benjamin,+1-563-122-2255,112,984,Pending,22:00:00 04-03-2025
970,Brandon Rice,Shelter,South Benjamin,+1-563-122-2255,240,183,Completed,12:59:00 14-03-2025
972,Patricia Joseph,Individual,Lauraport,611-927-6696x43169,417,716,Pending,07:18:00 14-03-2025
972,Patricia Joseph,Individual,Lauraport,611-927-6696x43169,430,861,Pending,01:58:00 03-03-2025
973,Brian Johnson,NGO,Patrickfort,001-751-479-5501x9929,886,756,Cancelled,02:15:00 07-03-2025
974,Mark Miller,NGO,North Joshua,011.361.1154x694,410,114,Cancelled,15:29:00 01-03-2025
974,Mark Miller,NGO,North Joshua,011.361.1154x694,567,924,Cancelled,23:22:00 10-03-2025
975,Danielle Bullock,Individual,Amandafurt,(888)253-9476x2056,10,669,Completed,19:57:00 06-03-2025
977,Pamela Scott,Charity,South Paul,310-642-0442,420,257,Cancelled,04:00:00 11-03-2025
977,Pamela Scott,Charity,South Paul,310-642-0442,786,104,Pending,13:13:00 09-03-2025
982,Thomas Villanueva,NGO,Gutierrezmouth,001-338-603-9644,813,934,Completed,22:20:00 02-03-2025
983,Joanna Black,NGO,North Jacobhaven,781.950.5825,180,644,Pending,01:27:00 05-03-2025
983,Joanna Black,NGO,North Jacobhaven,781.950.5825,327,853,Completed,16:49:00 17-03-2025
984,Steve Kirby,Charity,Travishaven,815.195.8711x59256,991,175,Pending,03:50:00 20-03-2025
985,Thomas Sanchez,NGO,Rodneyfurt,231.592.1072x512,141,149,Pending,20:25:00 03-03-2025
985,Thomas Sanchez,NGO,Rodneyfurt,231.592.1072x512,925,237,Pending,05:15:00 08-03-2025
988,Kristi Rodriguez,Charity,Nielsenberg,349.864.5409x08379,152,797,Pending,03:51:00 06-03-2025
990,Patricia Hardy,Shelter,Thomasport,076.687.3532x03467,376,981,Pending,21:23:00 15-03-2025
990,Patricia Hardy,Shelter,Thomasport,076.687.3532x03467,582,284,Completed,06:53:00 03-03-2025
993,Alexis Hayes,Shelter,Matthewmouth,543-812-0534x6473,643,806,Pending,18:38:00 10-03-2025
994,Angelica Simmons,NGO,Port Kellifort,(902)942-8232,876,696,Cancelled,14:13:00 10-03-2025
995,Brittany Taylor,Individual,Andrewsport,296-568-7106x4981,99,101,Completed,02:21:00 01-03-2025
996,Matthew Curtis,Shelter,Lanechester,127-889-4442x1289,181,465,Pending,09:20:00 16-03-2025
996,Matthew Curtis,Shelter,Lanechester,127-889-4442x1289,743,574,Cancelled,15:17:00 08-03-2025
997,Amanda Cain,NGO,New Steven,+1-001-491-5601x5316,310,107,Cancelled,21:25:00 08-03-2025
997,Amanda Cain,NGO,New Steven,+1-001-491-5601x5316,602,165,Cancelled,07:08:00 19-03-2025
999,Cheyenne Ramsey,NGO,Lake Jeffery,001-326-320-4816x15300,342,892,Cancelled,06:57:00 11-03-2025
1000,April Miller,Shelter,Shelbychester,894-873-2652x23999,648,55,Completed,11:56:00 08-03-2025
